trial_id,family,configuration,period,T,T_nota,daily_sharpe,n_seeds,source_file,aggregation_method
A,seleccion_original,Modelo A (campania principal),test 2023-08-11..2024-12-30 (349 fechas unicas),1260,1260 pasos eval (5 episodios solapantes x 252; no fechas unicas),0.049637,10,campaign_1_v3.csv,media entre semillas
B,seleccion_original,Modelo B (campania principal),test 2023-08-11..2024-12-30 (349 fechas unicas),1260,1260 pasos eval (5 episodios solapantes x 252; no fechas unicas),0.045136,10,campaign_1_v3.csv,media entre semillas
C,seleccion_original,Modelo C (campania principal),test 2023-08-11..2024-12-30 (349 fechas unicas),1260,1260 pasos eval (5 episodios solapantes x 252; no fechas unicas),0.041301,10,campaign_1_v3.csv,media entre semillas
D,seleccion_original,Modelo D (campania principal),test 2023-08-11..2024-12-30 (349 fechas unicas),1260,1260 pasos eval (5 episodios solapantes x 252; no fechas unicas),0.0447,10,campaign_1_v3.csv,media entre semillas
R,seleccion_original,RandomWalker (control azar),test 2023-08-11..2024-12-30 (349 fechas unicas),1260,1260 pasos eval (5 episodios solapantes x 252; no fechas unicas),0.047077,10,variant_R_v6.csv,media entre semillas
Q,seleccion_original,AnnealingWalker (QUBO),test 2023-08-11..2024-12-30 (349 fechas unicas),1260,1260 pasos eval (5 episodios solapantes x 252; no fechas unicas),0.033461,10,variant_Q_v6.csv,media entre semillas
S_p0.00,seleccion_original,StickyWalker S_p0.00,test 2023-08-11..2024-12-30 (349 fechas unicas),1260,1260 pasos eval (5 episodios solapantes x 252; no fechas unicas),0.026324,10,rotation_sweep_v7.csv,media entre semillas
S_p0.10,seleccion_original,StickyWalker S_p0.10,test 2023-08-11..2024-12-30 (349 fechas unicas),1260,1260 pasos eval (5 episodios solapantes x 252; no fechas unicas),0.031743,10,rotation_sweep_v7.csv,media entre semillas
S_p0.25,seleccion_original,StickyWalker S_p0.25,test 2023-08-11..2024-12-30 (349 fechas unicas),1260,1260 pasos eval (5 episodios solapantes x 252; no fechas unicas),0.035823,10,rotation_sweep_v7.csv,media entre semillas
S_p0.50,seleccion_original,StickyWalker S_p0.50,test 2023-08-11..2024-12-30 (349 fechas unicas),1260,1260 pasos eval (5 episodios solapantes x 252; no fechas unicas),0.032548,10,rotation_sweep_v7.csv,media entre semillas
S_p0.75,seleccion_original,StickyWalker S_p0.75,test 2023-08-11..2024-12-30 (349 fechas unicas),1260,1260 pasos eval (5 episodios solapantes x 252; no fechas unicas),0.034873,10,rotation_sweep_v7.csv,media entre semillas
S_p1.00,seleccion_original,StickyWalker S_p1.00,test 2023-08-11..2024-12-30 (349 fechas unicas),1260,1260 pasos eval (5 episodios solapantes x 252; no fechas unicas),0.033175,10,rotation_sweep_v7.csv,media entre semillas
ORACLE,diagnostico_no_candidato,mascara-oraculo ex-post + PPO,test 2023-08-11..2024-12-30 (349 fechas unicas),1260,1260 pasos eval (5 episodios solapantes x 252; no fechas unicas),1.324087,10,oracle_v7.csv,media entre semillas
NISQ_dephas=0.05,seleccion_original,Modelo D bajo ruido abl_nisq_v3_dephas=0.05,test 2023-08-11..2024-12-30 (349 fechas unicas),1260,1260 pasos eval (5 episodios solapantes x 252; no fechas unicas),0.078673,3,abl_nisq_v3.csv,media entre semillas
NISQ_depol=0.05,seleccion_original,Modelo D bajo ruido abl_nisq_v3_depol=0.05,test 2023-08-11..2024-12-30 (349 fechas unicas),1260,1260 pasos eval (5 episodios solapantes x 252; no fechas unicas),0.088542,3,abl_nisq_v3.csv,media entre semillas
NISQ_depol=0.10,seleccion_original,Modelo D bajo ruido abl_nisq_v3_depol=0.10,test 2023-08-11..2024-12-30 (349 fechas unicas),1260,1260 pasos eval (5 episodios solapantes x 252; no fechas unicas),0.023343,3,abl_nisq_v3.csv,media entre semillas
NISQ_ideal,seleccion_original,Modelo D bajo ruido abl_nisq_v3_ideal,test 2023-08-11..2024-12-30 (349 fechas unicas),1260,1260 pasos eval (5 episodios solapantes x 252; no fechas unicas),0.106987,3,abl_nisq_v3.csv,media entre semillas
coin_fourier,seleccion_original,Modelo D con moneda abl_coin_fourier,test 2023-08-11..2024-12-30 (349 fechas unicas),1260,1260 pasos eval (5 episodios solapantes x 252; no fechas unicas),0.003661,3,abl_coin_v3.csv,media entre semillas
coin_grover,seleccion_original,Modelo D con moneda abl_coin_grover,test 2023-08-11..2024-12-30 (349 fechas unicas),1260,1260 pasos eval (5 episodios solapantes x 252; no fechas unicas),0.053534,3,abl_coin_v3.csv,media entre semillas
coin_weighted_householder,seleccion_original,Modelo D con moneda abl_coin_weighted_householder,test 2023-08-11..2024-12-30 (349 fechas unicas),1260,1260 pasos eval (5 episodios solapantes x 252; no fechas unicas),0.058524,3,abl_coin_v3.csv,media entre semillas
S_star,control_posterior,StickyWalker calibrado S(p*) (v8),test 2023-08-11..2024-12-30 (349 fechas unicas),1260,1260 pasos eval (5 episodios solapantes x 252; no fechas unicas),0.035883,40,sticky_calibrated_v8.csv,media entre semillas
Crel,control_posterior,estado relacional B + filtrado C (v8),test 2023-08-11..2024-12-30 (349 fechas unicas),1260,1260 pasos eval (5 episodios solapantes x 252; no fechas unicas),0.04324,10,crel_variant_v8.csv,media entre semillas
topo_bipartite_C,control_posterior,"topologia bipartite, selector C (v8 EXP-5)",test 2023-08-11..2024-12-30 (349 fechas unicas),1260,1260 pasos eval (5 episodios solapantes x 252; no fechas unicas),0.076361,10,regular_topologies_v8.csv,media entre semillas
topo_bipartite_D,control_posterior,"topologia bipartite, selector D (v8 EXP-5)",test 2023-08-11..2024-12-30 (349 fechas unicas),1260,1260 pasos eval (5 episodios solapantes x 252; no fechas unicas),0.039316,10,regular_topologies_v8.csv,media entre semillas
topo_bipartite_R,control_posterior,"topologia bipartite, selector R (v8 EXP-5)",test 2023-08-11..2024-12-30 (349 fechas unicas),1260,1260 pasos eval (5 episodios solapantes x 252; no fechas unicas),0.047077,10,regular_topologies_v8.csv,media entre semillas
topo_cycle_C,control_posterior,"topologia cycle, selector C (v8 EXP-5)",test 2023-08-11..2024-12-30 (349 fechas unicas),1260,1260 pasos eval (5 episodios solapantes x 252; no fechas unicas),0.055702,10,regular_topologies_v8.csv,media entre semillas
topo_cycle_D,control_posterior,"topologia cycle, selector D (v8 EXP-5)",test 2023-08-11..2024-12-30 (349 fechas unicas),1260,1260 pasos eval (5 episodios solapantes x 252; no fechas unicas),0.051285,10,regular_topologies_v8.csv,media entre semillas
topo_cycle_R,control_posterior,"topologia cycle, selector R (v8 EXP-5)",test 2023-08-11..2024-12-30 (349 fechas unicas),1260,1260 pasos eval (5 episodios solapantes x 252; no fechas unicas),0.047077,10,regular_topologies_v8.csv,media entre semillas
topo_dreg_aff_C,control_posterior,"topologia dreg_aff, selector C (v8 EXP-5)",test 2023-08-11..2024-12-30 (349 fechas unicas),1260,1260 pasos eval (5 episodios solapantes x 252; no fechas unicas),0.047143,10,regular_topologies_v8.csv,media entre semillas
topo_dreg_aff_D,control_posterior,"topologia dreg_aff, selector D (v8 EXP-5)",test 2023-08-11..2024-12-30 (349 fechas unicas),1260,1260 pasos eval (5 episodios solapantes x 252; no fechas unicas),0.033422,10,regular_topologies_v8.csv,media entre semillas
topo_dreg_aff_R,control_posterior,"topologia dreg_aff, selector R (v8 EXP-5)",test 2023-08-11..2024-12-30 (349 fechas unicas),1260,1260 pasos eval (5 episodios solapantes x 252; no fechas unicas),0.047077,10,regular_topologies_v8.csv,media entre semillas
topo_dreg_uni_C,control_posterior,"topologia dreg_uni, selector C (v8 EXP-5)",test 2023-08-11..2024-12-30 (349 fechas unicas),1260,1260 pasos eval (5 episodios solapantes x 252; no fechas unicas),0.040635,10,regular_topologies_v8.csv,media entre semillas
topo_dreg_uni_D,control_posterior,"topologia dreg_uni, selector D (v8 EXP-5)",test 2023-08-11..2024-12-30 (349 fechas unicas),1260,1260 pasos eval (5 episodios solapantes x 252; no fechas unicas),0.016945,10,regular_topologies_v8.csv,media entre semillas
topo_dreg_uni_R,control_posterior,"topologia dreg_uni, selector R (v8 EXP-5)",test 2023-08-11..2024-12-30 (349 fechas unicas),1260,1260 pasos eval (5 episodios solapantes x 252; no fechas unicas),0.047077,10,regular_topologies_v8.csv,media entre semillas
softC,control_posterior,integracion suave softC (v8 EXP-6),test 2023-08-11..2024-12-30 (349 fechas unicas),1260,1260 pasos eval (5 episodios solapantes x 252; no fechas unicas),0.033933,10,soft_integration_v8.csv,media entre semillas
softD,control_posterior,integracion suave softD (v8 EXP-6),test 2023-08-11..2024-12-30 (349 fechas unicas),1260,1260 pasos eval (5 episodios solapantes x 252; no fechas unicas),0.035219,10,soft_integration_v8.csv,media entre semillas
softR,control_posterior,integracion suave softR (v8 EXP-6),test 2023-08-11..2024-12-30 (349 fechas unicas),1260,1260 pasos eval (5 episodios solapantes x 252; no fechas unicas),0.021859,10,soft_integration_v8.csv,media entre semillas
inf_momentum_refresh,control_posterior,selector informado momentum_refresh (v8 EXP-7),test 2023-08-11..2024-12-30 (349 fechas unicas),1260,1260 pasos eval (5 episodios solapantes x 252; no fechas unicas),0.037522,10,informed_walkers_v8.csv,media entre semillas
inf_softmax,control_posterior,selector informado softmax (v8 EXP-7),test 2023-08-11..2024-12-30 (349 fechas unicas),1260,1260 pasos eval (5 episodios solapantes x 252; no fechas unicas),0.034737,10,informed_walkers_v8.csv,media entre semillas
inf_thompson,control_posterior,selector informado thompson (v8 EXP-7),test 2023-08-11..2024-12-30 (349 fechas unicas),1260,1260 pasos eval (5 episodios solapantes x 252; no fechas unicas),0.014741,10,informed_walkers_v8.csv,media entre semillas
