estrategia,sd_familia,sd,K,sr_star,dsr,supera_095
equal_weight,candidatas_39,0.019447,2,0.010108,0.908298,0
equal_weight,candidatas_39,0.019447,3,0.016584,0.870143,0
equal_weight,candidatas_39,0.019447,4,0.02046,0.84265,0
equal_weight,candidatas_39,0.019447,5,0.023192,0.821127,0
equal_weight,candidatas_39,0.019447,6,0.025283,0.803454,0
equal_weight,candidatas_39,0.019447,7,0.026968,0.788476,0
equal_weight,candidatas_39,0.019447,8,0.028373,0.775491,0
equal_weight,candidatas_39,0.019447,9,0.029574,0.764039,0
equal_weight,candidatas_39,0.019447,10,0.030621,0.753802,0
equal_weight,candidatas_39,0.019447,11,0.031546,0.744554,0
equal_weight,candidatas_39,0.019447,12,0.032375,0.736124,0
equal_weight,candidatas_39,0.019447,13,0.033124,0.728382,0
equal_weight,candidatas_39,0.019447,14,0.033807,0.721228,0
equal_weight,candidatas_39,0.019447,15,0.034434,0.714581,0
equal_weight,candidatas_39,0.019447,16,0.035013,0.708376,0
equal_weight,candidatas_39,0.019447,17,0.03555,0.70256,0
equal_weight,candidatas_39,0.019447,18,0.036052,0.697088,0
equal_weight,candidatas_39,0.019447,19,0.036521,0.691922,0
equal_weight,candidatas_39,0.019447,20,0.036962,0.687032,0
equal_weight,candidatas_39,0.019447,21,0.037379,0.682391,0
equal_weight,candidatas_39,0.019447,22,0.037772,0.677975,0
equal_weight,candidatas_39,0.019447,23,0.038145,0.673764,0
equal_weight,candidatas_39,0.019447,24,0.0385,0.669741,0
equal_weight,candidatas_39,0.019447,25,0.038838,0.665889,0
equal_weight,candidatas_39,0.019447,26,0.03916,0.662197,0
equal_weight,candidatas_39,0.019447,27,0.039469,0.658651,0
equal_weight,candidatas_39,0.019447,28,0.039765,0.65524,0
equal_weight,candidatas_39,0.019447,29,0.040048,0.651956,0
equal_weight,candidatas_39,0.019447,30,0.040321,0.648789,0
equal_weight,candidatas_39,0.019447,31,0.040583,0.645732,0
equal_weight,candidatas_39,0.019447,32,0.040835,0.642778,0
equal_weight,candidatas_39,0.019447,33,0.041079,0.63992,0
equal_weight,candidatas_39,0.019447,34,0.041315,0.637152,0
equal_weight,candidatas_39,0.019447,35,0.041542,0.634469,0
equal_weight,candidatas_39,0.019447,36,0.041762,0.631867,0
equal_weight,candidatas_39,0.019447,37,0.041976,0.62934,0
equal_weight,candidatas_39,0.019447,38,0.042183,0.626885,0
equal_weight,candidatas_39,0.019447,39,0.042383,0.624498,0
momentum_20d,candidatas_39,0.019447,2,0.010108,0.982601,1
momentum_20d,candidatas_39,0.019447,3,0.016584,0.971708,1
momentum_20d,candidatas_39,0.019447,4,0.02046,0.962813,1
momentum_20d,candidatas_39,0.019447,5,0.023192,0.955264,1
momentum_20d,candidatas_39,0.019447,6,0.025283,0.948687,0
momentum_20d,candidatas_39,0.019447,7,0.026968,0.942848,0
momentum_20d,candidatas_39,0.019447,8,0.028373,0.93759,0
momentum_20d,candidatas_39,0.019447,9,0.029574,0.932802,0
momentum_20d,candidatas_39,0.019447,10,0.030621,0.928402,0
momentum_20d,candidatas_39,0.019447,11,0.031546,0.924329,0
momentum_20d,candidatas_39,0.019447,12,0.032375,0.920536,0
momentum_20d,candidatas_39,0.019447,13,0.033124,0.916984,0
momentum_20d,candidatas_39,0.019447,14,0.033807,0.913643,0
momentum_20d,candidatas_39,0.019447,15,0.034434,0.910489,0
momentum_20d,candidatas_39,0.019447,16,0.035013,0.907501,0
momentum_20d,candidatas_39,0.019447,17,0.03555,0.904661,0
momentum_20d,candidatas_39,0.019447,18,0.036052,0.901955,0
momentum_20d,candidatas_39,0.019447,19,0.036521,0.89937,0
momentum_20d,candidatas_39,0.019447,20,0.036962,0.896896,0
momentum_20d,candidatas_39,0.019447,21,0.037379,0.894522,0
momentum_20d,candidatas_39,0.019447,22,0.037772,0.892241,0
momentum_20d,candidatas_39,0.019447,23,0.038145,0.890045,0
momentum_20d,candidatas_39,0.019447,24,0.0385,0.887929,0
momentum_20d,candidatas_39,0.019447,25,0.038838,0.885885,0
momentum_20d,candidatas_39,0.019447,26,0.03916,0.88391,0
momentum_20d,candidatas_39,0.019447,27,0.039469,0.881999,0
momentum_20d,candidatas_39,0.019447,28,0.039765,0.880147,0
momentum_20d,candidatas_39,0.019447,29,0.040048,0.878351,0
momentum_20d,candidatas_39,0.019447,30,0.040321,0.876607,0
momentum_20d,candidatas_39,0.019447,31,0.040583,0.874912,0
momentum_20d,candidatas_39,0.019447,32,0.040835,0.873264,0
momentum_20d,candidatas_39,0.019447,33,0.041079,0.87166,0
momentum_20d,candidatas_39,0.019447,34,0.041315,0.870098,0
momentum_20d,candidatas_39,0.019447,35,0.041542,0.868575,0
momentum_20d,candidatas_39,0.019447,36,0.041762,0.867089,0
momentum_20d,candidatas_39,0.019447,37,0.041976,0.865639,0
momentum_20d,candidatas_39,0.019447,38,0.042183,0.864223,0
momentum_20d,candidatas_39,0.019447,39,0.042383,0.862839,0
equal_weight,seleccion_19,0.024123,2,0.012538,0.895091,0
equal_weight,seleccion_19,0.024123,3,0.020572,0.841804,0
equal_weight,seleccion_19,0.024123,4,0.02538,0.802612,0
equal_weight,seleccion_19,0.024123,5,0.028769,0.771753,0
equal_weight,seleccion_19,0.024123,6,0.031363,0.7464,0
equal_weight,seleccion_19,0.024123,7,0.033453,0.72495,0
equal_weight,seleccion_19,0.024123,8,0.035196,0.706406,0
equal_weight,seleccion_19,0.024123,9,0.036685,0.690106,0
equal_weight,seleccion_19,0.024123,10,0.037984,0.67559,0
equal_weight,seleccion_19,0.024123,11,0.039132,0.662523,0
equal_weight,seleccion_19,0.024123,12,0.04016,0.650658,0
equal_weight,seleccion_19,0.024123,13,0.041089,0.639802,0
equal_weight,seleccion_19,0.024123,14,0.041936,0.629807,0
equal_weight,seleccion_19,0.024123,15,0.042714,0.620554,0
equal_weight,seleccion_19,0.024123,16,0.043432,0.611947,0
equal_weight,seleccion_19,0.024123,17,0.044099,0.603906,0
equal_weight,seleccion_19,0.024123,18,0.044721,0.596366,0
equal_weight,seleccion_19,0.024123,19,0.045303,0.589271,0
equal_weight,seleccion_19,0.024123,20,0.04585,0.582577,0
equal_weight,seleccion_19,0.024123,21,0.046367,0.576242,0
equal_weight,seleccion_19,0.024123,22,0.046855,0.570233,0
equal_weight,seleccion_19,0.024123,23,0.047318,0.564519,0
equal_weight,seleccion_19,0.024123,24,0.047758,0.559076,0
equal_weight,seleccion_19,0.024123,25,0.048177,0.55388,0
equal_weight,seleccion_19,0.024123,26,0.048577,0.548911,0
equal_weight,seleccion_19,0.024123,27,0.04896,0.544152,0
equal_weight,seleccion_19,0.024123,28,0.049326,0.539587,0
equal_weight,seleccion_19,0.024123,29,0.049678,0.535202,0
equal_weight,seleccion_19,0.024123,30,0.050016,0.530984,0
equal_weight,seleccion_19,0.024123,31,0.050341,0.526922,0
equal_weight,seleccion_19,0.024123,32,0.050655,0.523005,0
equal_weight,seleccion_19,0.024123,33,0.050957,0.519225,0
equal_weight,seleccion_19,0.024123,34,0.051249,0.515573,0
equal_weight,seleccion_19,0.024123,35,0.051531,0.51204,0
equal_weight,seleccion_19,0.024123,36,0.051804,0.50862,0
equal_weight,seleccion_19,0.024123,37,0.052069,0.505307,0
equal_weight,seleccion_19,0.024123,38,0.052326,0.502095,0
equal_weight,seleccion_19,0.024123,39,0.052575,0.498978,0
momentum_20d,seleccion_19,0.024123,2,0.012538,0.979028,1
momentum_20d,seleccion_19,0.024123,3,0.020572,0.962526,1
momentum_20d,seleccion_19,0.024123,4,0.02538,0.948365,0
momentum_20d,seleccion_19,0.024123,5,0.028769,0.936043,0
momentum_20d,seleccion_19,0.024123,6,0.031363,0.925149,0
momentum_20d,seleccion_19,0.024123,7,0.033453,0.915388,0
momentum_20d,seleccion_19,0.024123,8,0.035196,0.906543,0
momentum_20d,seleccion_19,0.024123,9,0.036685,0.898454,0
momentum_20d,seleccion_19,0.024123,10,0.037984,0.891,0
momentum_20d,seleccion_19,0.024123,11,0.039132,0.884086,0
momentum_20d,seleccion_19,0.024123,12,0.04016,0.877637,0
momentum_20d,seleccion_19,0.024123,13,0.041089,0.871594,0
momentum_20d,seleccion_19,0.024123,14,0.041936,0.865908,0
momentum_20d,seleccion_19,0.024123,15,0.042714,0.860538,0
momentum_20d,seleccion_19,0.024123,16,0.043432,0.85545,0
momentum_20d,seleccion_19,0.024123,17,0.044099,0.850616,0
momentum_20d,seleccion_19,0.024123,18,0.044721,0.846011,0
momentum_20d,seleccion_19,0.024123,19,0.045303,0.841614,0
momentum_20d,seleccion_19,0.024123,20,0.04585,0.837407,0
momentum_20d,seleccion_19,0.024123,21,0.046367,0.833374,0
momentum_20d,seleccion_19,0.024123,22,0.046855,0.8295,0
momentum_20d,seleccion_19,0.024123,23,0.047318,0.825775,0
momentum_20d,seleccion_19,0.024123,24,0.047758,0.822186,0
momentum_20d,seleccion_19,0.024123,25,0.048177,0.818724,0
momentum_20d,seleccion_19,0.024123,26,0.048577,0.81538,0
momentum_20d,seleccion_19,0.024123,27,0.04896,0.812146,0
momentum_20d,seleccion_19,0.024123,28,0.049326,0.809016,0
momentum_20d,seleccion_19,0.024123,29,0.049678,0.805982,0
momentum_20d,seleccion_19,0.024123,30,0.050016,0.80304,0
momentum_20d,seleccion_19,0.024123,31,0.050341,0.800183,0
momentum_20d,seleccion_19,0.024123,32,0.050655,0.797407,0
momentum_20d,seleccion_19,0.024123,33,0.050957,0.794707,0
momentum_20d,seleccion_19,0.024123,34,0.051249,0.79208,0
momentum_20d,seleccion_19,0.024123,35,0.051531,0.789521,0
momentum_20d,seleccion_19,0.024123,36,0.051804,0.787027,0
momentum_20d,seleccion_19,0.024123,37,0.052069,0.784594,0
momentum_20d,seleccion_19,0.024123,38,0.052326,0.782221,0
momentum_20d,seleccion_19,0.024123,39,0.052575,0.779903,0
