campaign_id,model,seed,universe,total_steps,cumulative_return,sharpe_ratio,max_drawdown,mean_reward,asset_coverage,topm_hit_rate,candidate_hit_rate,time_to_first_promising,mean_latency_ms,episodes_to_convergence,train_reward_last,train_reward_mean,n_train_steps,timestamp_utc,duration_seconds,topology
v8_exp5_dreg_aff,C,42,nivel2,50000,0.8877753394999949,0.047360161408889906,0.2794794538715632,0.177555067899999,0.9666666666666667,0.22301587301587303,0.4658730158730159,6.0,0.9953970634921374,20.0,0.3465752881623717,0.20547037626299425,50000,2026-07-20T21:19:20Z,59.07583030000001,dreg_aff
v8_exp5_dreg_aff,D,42,nivel2,50000,0.5741934992220685,0.03135829174903175,0.36715390741489734,0.11483869984441379,0.9,0.2007936507936508,0.4746031746031746,1.0,1.2188848412706865,21.0,0.2581541212227767,0.17371009142508778,50000,2026-07-20T21:20:45Z,84.75491769999996,dreg_aff
v8_exp5_dreg_aff,R,42,nivel2,50000,1.5395924358398685,0.0882323604770232,0.2519658526652757,0.30791848716797376,1.0,0.19047619047619047,0.45396825396825397,1.0,0.8169627777775416,-1.0,0.2609219961625851,0.08380013769118604,50000,2026-07-20T21:21:40Z,54.99363590000007,dreg_aff
v8_exp5_dreg_uni,C,42,nivel2,50000,0.8552339982464201,0.04651943208341092,0.3101945029314426,0.1710467996492841,0.9666666666666667,0.19047619047619047,0.4984126984126984,2.0,0.7572763492048363,20.0,0.42997254469802987,0.21966568144923376,50000,2026-07-20T21:22:36Z,56.170433600000024,dreg_uni
v8_exp5_dreg_uni,D,42,nivel2,50000,0.9295063086039697,0.04730395051399555,0.23322722190727196,0.18590126172079396,1.0,0.1746031746031746,0.45396825396825397,10.0,0.9993546031731216,22.0,0.3714107226512956,0.2147285469879426,50000,2026-07-20T21:23:43Z,66.50968599999999,dreg_uni
v8_exp5_dreg_uni,R,42,nivel2,50000,1.5395924358398685,0.0882323604770232,0.2519658526652757,0.30791848716797376,1.0,0.19047619047619047,0.45396825396825397,1.0,0.8583241269834146,-1.0,0.2609219961625851,0.08380013769118604,50000,2026-07-20T21:24:39Z,55.708697200000074,dreg_uni
v8_exp5_cycle,C,42,nivel2,50000,0.8623213422028386,0.04302833269493606,0.3835704913523128,0.17246426844056767,0.9666666666666667,0.24285714285714285,0.5253968253968254,1.0,0.9155215872996205,-1.0,0.2836567519980527,0.1368907930383618,50000,2026-07-20T21:25:43Z,63.65609549999999,cycle
v8_exp5_cycle,D,42,nivel2,50000,0.4898671247856245,0.030177629868478696,0.23369436290617834,0.09797342495712494,0.9666666666666667,0.20317460317460317,0.3976190476190476,8.0,1.197825714281667,-1.0,0.5022430254008938,0.2699981247302261,50000,2026-07-20T21:27:06Z,82.67907949999994,cycle
v8_exp5_cycle,R,42,nivel2,50000,1.5395924358398685,0.0882323604770232,0.2519658526652757,0.30791848716797376,1.0,0.19047619047619047,0.45396825396825397,1.0,0.9322761904768196,-1.0,0.2609219961625851,0.08380013769118604,50000,2026-07-20T21:28:11Z,64.97347510000009,cycle
v8_exp5_bipartite,C,42,nivel2,50000,1.4309182907202729,0.07752626661349339,0.27741939149304073,0.28618365814405455,0.9333333333333333,0.19126984126984126,0.4111111111111111,1.0,0.9968409523830742,-1.0,0.5608361706563574,0.25860109974170536,50000,2026-07-20T21:29:26Z,74.26229920000014,bipartite
v8_exp5_bipartite,D,42,nivel2,50000,0.7093029047512078,0.035932502997418576,0.37672689790163755,0.1418605809502417,0.9666666666666667,0.17936507936507937,0.37936507936507935,22.0,1.2877435714306067,18.0,0.4331947774015501,0.23392642849774575,50000,2026-07-20T21:30:57Z,90.5869987000001,bipartite
v8_exp5_bipartite,R,42,nivel2,50000,1.5395924358398685,0.0882323604770232,0.2519658526652757,0.30791848716797376,1.0,0.19047619047619047,0.45396825396825397,1.0,1.0173444444444975,-1.0,0.2609219961625851,0.08380013769118604,50000,2026-07-20T21:32:11Z,74.2844877,bipartite
v8_exp5_dreg_aff,C,123,nivel2,50000,0.968633313224575,0.05207630330538377,0.19540390958967324,0.19372666264491495,0.9333333333333333,0.22380952380952382,0.4793650793650794,1.0,1.0243276984113883,17.0,0.3729019311108758,0.24952749959201642,50000,2026-07-20T21:33:23Z,71.66727790000004,dreg_aff
v8_exp5_dreg_aff,D,123,nivel2,50000,0.5014448795202961,0.02595993328702352,0.4211205759437798,0.1002889759040593,0.9,0.18888888888888888,0.48095238095238096,1.0,1.1135367460334626,19.0,0.30918616328873566,0.20989731111523663,50000,2026-07-20T21:34:44Z,80.57987660000003,dreg_aff
v8_exp5_dreg_aff,R,123,nivel2,50000,0.43566596258852963,0.021160065543453118,0.43819806625295943,0.08713319251770593,1.0,0.19285714285714287,0.4650793650793651,6.0,0.8542357936490257,9.0,0.09810121723124086,0.08258326439278801,50000,2026-07-20T21:35:51Z,66.59051080000017,dreg_aff
v8_exp5_dreg_uni,C,123,nivel2,50000,0.27866155814417837,0.01486166917455745,0.38666466596169197,0.055732311628835615,0.9333333333333333,0.21031746031746032,0.49206349206349204,1.0,0.9392231745998345,18.0,0.3914534643376516,0.2474246087483546,50000,2026-07-20T21:36:57Z,66.06714420000003,dreg_uni
v8_exp5_dreg_uni,D,123,nivel2,50000,0.5824558494909107,0.0288891656075072,0.43129707141890894,0.11649116989818216,0.9333333333333333,0.1992063492063492,0.49682539682539684,1.0,1.0000510317450024,22.0,0.3027184905443884,0.22388317870591368,50000,2026-07-20T21:38:09Z,71.20783649999998,dreg_uni
v8_exp5_dreg_uni,R,123,nivel2,50000,0.43566596258852963,0.021160065543453118,0.43819806625295943,0.08713319251770593,1.0,0.19285714285714287,0.4650793650793651,6.0,0.7637127777783578,9.0,0.09810121723124086,0.08258326439278801,50000,2026-07-20T21:39:07Z,57.95340779999992,dreg_uni
v8_exp5_cycle,C,123,nivel2,50000,0.8669400034230093,0.04216116373695039,0.30413832181797495,0.17338800068460186,0.9666666666666667,0.21904761904761905,0.530952380952381,6.0,0.7538722222216887,21.0,0.3544725141264924,0.18817306710373835,50000,2026-07-20T21:40:03Z,56.10203440000009,cycle
v8_exp5_cycle,D,123,nivel2,50000,1.4003098318717253,0.08324564498508358,0.2097191399238887,0.28006196637434494,1.0,0.2007936507936508,0.4103174603174603,1.0,0.9780494444448272,19.0,0.35393330987119787,0.27108081704595066,50000,2026-07-20T21:41:12Z,68.44063740000001,cycle
v8_exp5_cycle,R,123,nivel2,50000,0.43566596258852963,0.021160065543453118,0.43819806625295943,0.08713319251770593,1.0,0.19285714285714287,0.4650793650793651,6.0,0.7338308730139048,9.0,0.09810121723124086,0.08258326439278801,50000,2026-07-20T21:42:08Z,55.74501329999998,cycle
v8_exp5_bipartite,C,123,nivel2,50000,1.5872866571888062,0.0863937367288844,0.24269743340754557,0.3174573314377612,0.9666666666666667,0.19285714285714287,0.4222222222222222,19.0,0.8207346031801376,-1.0,0.5293368356970378,0.2933054206199892,50000,2026-07-20T21:43:08Z,59.91022029999999,bipartite
v8_exp5_bipartite,D,123,nivel2,50000,0.8276821092480622,0.041491291423067,0.26851315497184497,0.1655364218496124,0.9333333333333333,0.1761904761904762,0.3952380952380952,1.0,1.0754557142804733,-1.0,0.2918501223459641,0.22495446640099037,50000,2026-07-20T21:44:21Z,73.26860060000035,bipartite
v8_exp5_bipartite,R,123,nivel2,50000,0.43566596258852963,0.021160065543453118,0.43819806625295943,0.08713319251770593,1.0,0.19285714285714287,0.4650793650793651,6.0,0.8040859523870971,9.0,0.09810121723124086,0.08258326439278801,50000,2026-07-20T21:45:21Z,59.41577180000013,bipartite
v8_exp5_dreg_aff,C,456,nivel2,50000,1.9816185608700059,0.10602643784523673,0.2082004751299804,0.3963237121740011,1.0,0.20555555555555555,0.4801587301587302,16.0,0.793568412694777,19.0,0.34145893376381453,0.2469284790017391,50000,2026-07-20T21:46:21Z,59.45702970000002,dreg_aff
v8_exp5_dreg_aff,D,456,nivel2,50000,0.44515096385748865,0.024264537288369345,0.29951621920774146,0.08903019277149762,0.9,0.18412698412698414,0.4634920634920635,2.0,1.0133680158744374,14.0,0.27119813031597406,0.19976543857884554,50000,2026-07-20T21:47:31Z,70.09153910000032,dreg_aff
v8_exp5_dreg_aff,R,456,nivel2,50000,1.1098852083900663,0.05627088372981461,0.24599575150092687,0.22197704167801335,1.0,0.19365079365079366,0.45476190476190476,27.0,0.7745870634838837,2.0,0.05489136831544145,0.09155462718951014,50000,2026-07-20T21:48:28Z,57.01670739999963,dreg_aff
v8_exp5_dreg_uni,C,456,nivel2,50000,1.6508671762589437,0.08847105110663131,0.31364937363310536,0.33017343525178877,0.9666666666666667,0.21984126984126984,0.5031746031746032,8.0,0.7820104761773138,9.0,0.37953970376099755,0.29153628017961153,50000,2026-07-20T21:49:26Z,57.32401949999985,dreg_uni
v8_exp5_dreg_uni,D,456,nivel2,50000,0.9983240773008153,0.05349751538337705,0.2595048978091392,0.19966481546016318,0.9666666666666667,0.1992063492063492,0.49444444444444446,12.0,1.0079961111091145,20.0,0.2387502516025502,0.24585394500589972,50000,2026-07-20T21:50:35Z,69.55313150000029,dreg_uni
v8_exp5_dreg_uni,R,456,nivel2,50000,1.1098852083900663,0.05627088372981461,0.24599575150092687,0.22197704167801335,1.0,0.19365079365079366,0.45476190476190476,27.0,0.7633982539670926,2.0,0.05489136831544145,0.09155462718951014,50000,2026-07-20T21:51:33Z,57.01922990000003,dreg_uni
v8_exp5_cycle,C,456,nivel2,50000,1.8176652716312078,0.08314282321280189,0.24465939896226707,0.3635330543262417,0.9666666666666667,0.24523809523809523,0.5349206349206349,28.0,0.7865963492104273,22.0,0.35215984215350804,0.21235564106307994,50000,2026-07-20T21:52:31Z,57.85267640000029,cycle
v8_exp5_cycle,D,456,nivel2,50000,0.49033967778621357,0.027177846843357157,0.4399640134015338,0.09806793555724265,0.9666666666666667,0.19206349206349208,0.41825396825396827,5.0,0.976005000001394,15.0,0.3124384816018658,0.2468066355111601,50000,2026-07-20T21:53:39Z,68.3736914000001,cycle
v8_exp5_cycle,R,456,nivel2,50000,1.1098852083900663,0.05627088372981461,0.24599575150092687,0.22197704167801335,1.0,0.19365079365079366,0.45476190476190476,27.0,0.7195556349246083,2.0,0.05489136831544145,0.09155462718951014,50000,2026-07-20T21:54:35Z,55.21058129999983,cycle
v8_exp5_bipartite,C,456,nivel2,50000,1.2573997849149727,0.06448958258685704,0.40918886628239276,0.2514799569829947,0.9333333333333333,0.16031746031746033,0.4158730158730159,27.0,1.0414857142803966,-1.0,0.46996097644159307,0.30231475789072937,50000,2026-07-20T21:55:46Z,71.10676209999974,bipartite
v8_exp5_bipartite,D,456,nivel2,50000,1.2279275083609524,0.05875893297098038,0.22597241326753104,0.24558550167219045,0.8333333333333334,0.1523809523809524,0.3896825396825397,5.0,1.3379638888918202,18.0,0.40260826557643925,0.24801200400520096,50000,2026-07-20T21:57:14Z,87.3988687000001,bipartite
v8_exp5_bipartite,R,456,nivel2,50000,1.1098852083900663,0.05627088372981461,0.24599575150092687,0.22197704167801335,1.0,0.19365079365079366,0.45476190476190476,27.0,0.8768331746036243,2.0,0.05489136831544145,0.09155462718951014,50000,2026-07-20T21:58:27Z,73.11649929999976,bipartite
v8_exp5_dreg_aff,C,789,nivel2,50000,1.4770084930001386,0.07305440913336751,0.257394846706018,0.29540169860002763,0.9666666666666667,0.19365079365079366,0.4801587301587302,3.0,1.0468590476168376,-1.0,0.539891554690578,0.23210888890190984,50000,2026-07-20T21:59:42Z,74.7784901,dreg_aff
v8_exp5_dreg_aff,D,789,nivel2,50000,-0.1518243713010013,-0.008725522513148051,0.4297946086293706,-0.030364874260200264,0.9333333333333333,0.1619047619047619,0.4626984126984127,3.0,1.3316909523887768,-1.0,0.2916912239997905,0.16374620731420034,50000,2026-07-20T22:01:12Z,89.97897990000001,dreg_aff
v8_exp5_dreg_aff,R,789,nivel2,50000,0.5568266620076716,0.028102814423626325,0.3983077445236761,0.11136533240153432,0.9666666666666667,0.17857142857142858,0.45555555555555555,15.0,0.9661935714247092,3.0,0.2095851108690914,0.06477913887124291,50000,2026-07-20T22:02:25Z,72.83328000000029,dreg_aff
v8_exp5_dreg_uni,C,789,nivel2,50000,0.2914839452141829,0.01580432689878057,0.5801520435778553,0.05829678904283651,0.9666666666666667,0.18571428571428572,0.5071428571428571,13.0,0.9723754761945014,-1.0,0.39725574048011497,0.19359457020130816,50000,2026-07-20T22:03:37Z,71.63583659999995,dreg_uni
v8_exp5_dreg_uni,D,789,nivel2,50000,-0.09961836945678443,-0.0049586630033776995,0.3839096324296655,-0.0199236738913569,0.9666666666666667,0.18968253968253967,0.4603174603174603,12.0,1.1015030952374594,-1.0,0.5082140538267677,0.21718389459266654,50000,2026-07-20T22:05:00Z,82.30812330000026,dreg_uni
v8_exp5_dreg_uni,R,789,nivel2,50000,0.5568266620076716,0.028102814423626325,0.3983077445236761,0.11136533240153432,0.9666666666666667,0.17857142857142858,0.45555555555555555,15.0,0.8603619047594943,3.0,0.2095851108690914,0.06477913887124291,50000,2026-07-20T22:06:03Z,62.47664650000024,dreg_uni
v8_exp5_cycle,C,789,nivel2,50000,0.9615575075368152,0.048523972521070984,0.36467135791248123,0.19231150150736304,0.9666666666666667,0.20793650793650795,0.5293650793650794,12.0,0.814092142854139,-1.0,0.49357809938366637,0.19496088023461575,50000,2026-07-20T22:07:04Z,60.80598330000021,cycle
v8_exp5_cycle,D,789,nivel2,50000,0.475301522812572,0.02801107567762834,0.3582679342931917,0.09506030456251442,0.9666666666666667,0.18095238095238095,0.4087301587301587,13.0,1.064616746031341,-1.0,0.5670287559510131,0.2349888274126536,50000,2026-07-20T22:08:20Z,75.95228659999975,cycle
v8_exp5_cycle,R,789,nivel2,50000,0.5568266620076716,0.028102814423626325,0.3983077445236761,0.11136533240153432,0.9666666666666667,0.17857142857142858,0.45555555555555555,15.0,0.8006121428595164,3.0,0.2095851108690914,0.06477913887124291,50000,2026-07-20T22:09:21Z,60.731212700000015,cycle
v8_exp5_bipartite,C,789,nivel2,50000,0.8457129834504484,0.04606489292992359,0.26422737077713976,0.16914259669008966,0.9333333333333333,0.15,0.42142857142857143,14.0,1.0739690476160801,-1.0,0.4404655857276215,0.24324898248132928,50000,2026-07-20T22:10:38Z,77.15386149999995,bipartite
v8_exp5_bipartite,D,789,nivel2,50000,0.31705863171285925,0.015513011141675656,0.655115095957731,0.06341172634257194,0.9,0.15793650793650793,0.3968253968253968,3.0,1.3528641269842756,-1.0,0.59325499049123,0.2514054629693588,50000,2026-07-20T22:12:13Z,94.68667750000031,bipartite
v8_exp5_bipartite,R,789,nivel2,50000,0.5568266620076716,0.028102814423626325,0.3983077445236761,0.11136533240153432,0.9666666666666667,0.17857142857142858,0.45555555555555555,15.0,1.0591583333233223,3.0,0.2095851108690914,0.06477913887124291,50000,2026-07-20T22:13:30Z,77.11897640000007,bipartite
v8_exp5_dreg_aff,C,1024,nivel2,50000,0.03830236608283756,0.0018949337932512983,0.3479063818992286,0.007660473216567512,0.9666666666666667,0.1880952380952381,0.46984126984126984,1.0,1.01768841268603,16.0,0.33633988493498124,0.2436485162700276,50000,2026-07-20T22:14:45Z,73.83546509999996,dreg_aff
v8_exp5_dreg_aff,D,1024,nivel2,50000,0.7290315372542246,0.035278965777485044,0.32235852471171533,0.14580630745084494,0.8333333333333334,0.1626984126984127,0.46825396825396826,1.0,1.3199580952369427,18.0,0.4167799192522037,0.20491078318554706,50000,2026-07-20T22:16:14Z,89.40474510000013,dreg_aff
v8_exp5_dreg_aff,R,1024,nivel2,50000,0.9006038206366536,0.04635178297039153,0.28331275151174434,0.1801207641273307,1.0,0.18253968253968253,0.4365079365079365,11.0,0.9956086507885168,13.0,0.2211855225322777,0.11669982344917022,50000,2026-07-20T22:17:28Z,73.64664090000042,dreg_aff
v8_exp5_dreg_uni,C,1024,nivel2,50000,0.8335266358722413,0.04269892557864092,0.3240039919897698,0.16670532717444825,0.9333333333333333,0.19365079365079366,0.49126984126984125,1.0,1.030380476210652,16.0,0.37897899252256884,0.217242132524448,50000,2026-07-20T22:18:42Z,73.76332079999975,dreg_uni
v8_exp5_dreg_uni,D,1024,nivel2,50000,-0.36401238856193135,-0.018115937856483345,0.878333652901705,-0.07280247771238635,1.0,0.16587301587301587,0.4492063492063492,8.0,1.3099126984271274,16.0,0.30027475883081733,0.26981913284257275,50000,2026-07-20T22:20:11Z,88.80193959999997,dreg_uni
v8_exp5_dreg_uni,R,1024,nivel2,50000,0.9006038206366536,0.04635178297039153,0.28331275151174434,0.1801207641273307,1.0,0.18253968253968253,0.4365079365079365,11.0,0.9696157936473139,13.0,0.2211855225322777,0.11669982344917022,50000,2026-07-20T22:21:24Z,72.62261820000003,dreg_uni
v8_exp5_cycle,C,1024,nivel2,50000,0.41095606324611533,0.01986297722848354,0.3567231279408112,0.08219121264922302,0.9666666666666667,0.2492063492063492,0.5246031746031746,3.0,0.97209500000024,21.0,0.47168139512446167,0.2215647429148028,50000,2026-07-20T22:22:36Z,71.49813660000018,cycle
v8_exp5_cycle,D,1024,nivel2,50000,1.1731593814965033,0.06378047124291412,0.20202318418474519,0.23463187629930066,0.9666666666666667,0.20634920634920634,0.40634920634920635,1.0,1.277222301607455,15.0,0.3517237939876813,0.22003223457939236,50000,2026-07-20T22:24:04Z,87.90558359999977,cycle
v8_exp5_cycle,R,1024,nivel2,50000,0.9006038206366536,0.04635178297039153,0.28331275151174434,0.1801207641273307,1.0,0.18253968253968253,0.4365079365079365,11.0,0.8807176190614319,13.0,0.2211855225322777,0.11669982344917022,50000,2026-07-20T22:25:16Z,71.51040209999974,cycle
v8_exp5_bipartite,C,1024,nivel2,50000,1.479598100752507,0.08654441972132486,0.3276488289255106,0.2959196201505014,0.9666666666666667,0.18412698412698414,0.41825396825396827,9.0,1.053593809516921,-1.0,0.5820813384634521,0.2516279735061706,50000,2026-07-20T22:26:33Z,77.2449816999997,bipartite
v8_exp5_bipartite,D,1024,nivel2,50000,0.7159791284624897,0.0363340140210795,0.21342210118300187,0.14319582569249795,0.8,0.17857142857142858,0.39444444444444443,11.0,1.3822664285531314,19.0,0.3898266586159229,0.2310703725354303,50000,2026-07-20T22:28:06Z,92.82036260000041,bipartite
v8_exp5_bipartite,R,1024,nivel2,50000,0.9006038206366536,0.04635178297039153,0.28331275151174434,0.1801207641273307,1.0,0.18253968253968253,0.4365079365079365,11.0,0.6894007143042501,13.0,0.2211855225322777,0.11669982344917022,50000,2026-07-20T22:29:22Z,75.55368929999986,bipartite
v8_exp5_dreg_aff,C,7,nivel2,50000,-0.12051216877967674,-0.006830079544224722,0.6345512717196873,-0.024102433755935394,0.9666666666666667,0.19126984126984126,0.4658730158730159,1.0,0.6771303174597657,19.0,0.3338373247061593,0.24564736192446326,50000,2026-07-20T22:30:11Z,48.90113190000011,dreg_aff
v8_exp5_dreg_aff,D,7,nivel2,50000,1.0940191835130664,0.06072254903211282,0.25124619800505243,0.21880383670261327,0.9333333333333333,0.20238095238095238,0.4587301587301587,4.0,0.8716252380920542,-1.0,0.35383725436612595,0.17407326921419686,50000,2026-07-20T22:31:11Z,59.372829199999615,dreg_aff
v8_exp5_dreg_aff,R,7,nivel2,50000,1.2016553660352054,0.06297939839583126,0.22867306078802074,0.24033107320704108,1.0,0.18412698412698414,0.44047619047619047,4.0,0.6779148412678051,-1.0,0.06872143205818317,0.07371503885237214,50000,2026-07-20T22:32:00Z,48.54495589999988,dreg_aff
v8_exp5_dreg_uni,C,7,nivel2,50000,0.41474572407908217,0.021182697973435277,0.39946155856789156,0.0829491448158164,0.9666666666666667,0.1880952380952381,0.4928571428571429,1.0,0.7464809523746283,22.0,0.38077254025674667,0.21281717566649547,50000,2026-07-20T22:32:51Z,50.71031250000033,dreg_uni
v8_exp5_dreg_uni,D,7,nivel2,50000,0.5705422103648868,0.02939858385870609,0.2939525680774858,0.11410844207297739,1.0,0.19126984126984126,0.4595238095238095,15.0,0.9408576190556536,17.0,0.34855352869677625,0.21692568145477714,50000,2026-07-20T22:33:53Z,62.28661370000009,dreg_uni
v8_exp5_dreg_uni,R,7,nivel2,50000,1.2016553660352054,0.06297939839583126,0.22867306078802074,0.24033107320704108,1.0,0.18412698412698414,0.44047619047619047,4.0,0.7883641269891375,-1.0,0.06872143205818317,0.07371503885237214,50000,2026-07-20T22:34:45Z,51.34384409999984,dreg_uni
v8_exp5_cycle,C,7,nivel2,50000,0.6516936440784049,0.03334448819750787,0.2592558610229895,0.130338728815681,0.9666666666666667,0.21428571428571427,0.523015873015873,16.0,0.6750863492102542,-1.0,0.44163313977600016,0.17447239756036012,50000,2026-07-20T22:35:35Z,49.853691599999365,cycle
v8_exp5_cycle,D,7,nivel2,50000,0.890021499175543,0.0481609197104644,0.20284922935885613,0.1780042998351086,0.9666666666666667,0.19206349206349208,0.4007936507936508,4.0,0.8977451587212734,19.0,0.3887843309393628,0.23961110453420248,50000,2026-07-20T22:36:34Z,59.13933689999976,cycle
v8_exp5_cycle,R,7,nivel2,50000,1.2016553660352054,0.06297939839583126,0.22867306078802074,0.24033107320704108,1.0,0.18412698412698414,0.44047619047619047,4.0,0.6153725396993578,-1.0,0.06872143205818317,0.07371503885237214,50000,2026-07-20T22:37:23Z,48.618190799999866,cycle
v8_exp5_bipartite,C,7,nivel2,50000,0.6892282016898762,0.03508109304323478,0.3333299695669636,0.13784564033797525,0.9666666666666667,0.15793650793650793,0.4087301587301587,4.0,1.0366976984057277,21.0,0.4821083889458816,0.25109562134410157,50000,2026-07-20T22:38:22Z,59.388985100000355,bipartite
v8_exp5_bipartite,D,7,nivel2,50000,0.38840572431451764,0.019647842423759658,0.28650819677583717,0.07768114486290356,0.9666666666666667,0.1523809523809524,0.37936507936507935,4.0,0.9396093650687521,22.0,0.4963315465092417,0.25964962806723035,50000,2026-07-20T22:39:50Z,87.37992500000018,bipartite
v8_exp5_bipartite,R,7,nivel2,50000,1.2016553660352054,0.06297939839583126,0.22867306078802074,0.24033107320704108,1.0,0.18412698412698414,0.44047619047619047,4.0,1.0321773016043845,-1.0,0.06872143205818317,0.07371503885237214,50000,2026-07-20T22:41:03Z,72.80776080000032,bipartite
v8_exp5_dreg_aff,C,99,nivel2,50000,0.44375041701296797,0.022303368416311215,0.4442706002887808,0.08875008340259362,0.9666666666666667,0.20555555555555555,0.4650793650793651,4.0,0.9860527777972392,22.0,0.3675770113614375,0.2293938159131135,50000,2026-07-20T22:42:19Z,76.02728630000001,dreg_aff
v8_exp5_dreg_aff,D,99,nivel2,50000,0.3413376178391717,0.017057688123861325,0.6155291230817544,0.06826752356783422,0.9,0.18253968253968253,0.476984126984127,5.0,1.203937619048803,15.0,0.2428310505910924,0.19434692165040512,50000,2026-07-20T22:43:52Z,92.05589400000008,dreg_aff
v8_exp5_dreg_aff,R,99,nivel2,50000,0.6562228657913014,0.03652614388302566,0.322271799117758,0.13124457315826027,1.0,0.19206349206349208,0.473015873015873,5.0,0.9599476190415439,3.0,0.201521981141232,0.11665401033419749,50000,2026-07-20T22:45:03Z,70.78518799999983,dreg_aff
v8_exp5_dreg_uni,C,99,nivel2,50000,0.7021559192246184,0.03693127802747335,0.30656467685995137,0.1404311838449237,0.9666666666666667,0.21904761904761905,0.4984126984126984,4.0,0.9640272222174052,-1.0,0.43462183001289323,0.22444642321458697,50000,2026-07-20T22:46:12Z,69.59813930000018,dreg_uni
v8_exp5_dreg_uni,D,99,nivel2,50000,0.21142742711499155,0.011645802512977796,0.38762985325702454,0.042285485422998315,1.0,0.16746031746031745,0.45476190476190476,10.0,1.2544057936490087,21.0,0.29099469529098465,0.20639870745589664,50000,2026-07-20T22:47:37Z,84.19891110000026,dreg_uni
v8_exp5_dreg_uni,R,99,nivel2,50000,0.6562228657913014,0.03652614388302566,0.322271799117758,0.13124457315826027,1.0,0.19206349206349208,0.473015873015873,5.0,0.9124874603227028,3.0,0.201521981141232,0.11665401033419749,50000,2026-07-20T22:48:47Z,69.51187850000042,dreg_uni
v8_exp5_cycle,C,99,nivel2,50000,1.530153687838147,0.07571367840571393,0.21380221759801232,0.3060307375676293,0.9666666666666667,0.22063492063492063,0.5253968253968254,9.0,0.9419394444461114,22.0,0.3800011145039228,0.17156689479290424,50000,2026-07-20T22:49:55Z,68.42586979999942,cycle
v8_exp5_cycle,D,99,nivel2,50000,0.8386658261293027,0.046661589717415436,0.21196581126665093,0.16773316522586051,1.0,0.17142857142857143,0.4111111111111111,4.0,1.0603611111195825,17.0,0.24469200737871902,0.21578427422950092,50000,2026-07-20T22:51:19Z,83.62087969999993,cycle
v8_exp5_cycle,R,99,nivel2,50000,0.6562228657913014,0.03652614388302566,0.322271799117758,0.13124457315826027,1.0,0.19206349206349208,0.473015873015873,5.0,1.0815930158724003,3.0,0.201521981141232,0.11665401033419749,50000,2026-07-20T22:52:28Z,68.93878850000056,cycle
v8_exp5_bipartite,C,99,nivel2,50000,2.068371313525798,0.12374588814838844,0.12549262472890765,0.4136742627051596,0.9333333333333333,0.173015873015873,0.4166666666666667,5.0,1.038420634916018,-1.0,0.4874437787463374,0.23333682220383895,50000,2026-07-20T22:53:50Z,81.22187379999923,bipartite
v8_exp5_bipartite,D,99,nivel2,50000,0.4555316133031204,0.022984551581278226,0.4276855181490339,0.09110632266062399,0.9,0.16031746031746033,0.3952380952380952,5.0,1.4291866666813544,22.0,0.417702814987405,0.272331659430952,50000,2026-07-20T22:55:14Z,84.01370570000017,bipartite
v8_exp5_bipartite,R,99,nivel2,50000,0.6562228657913014,0.03652614388302566,0.322271799117758,0.13124457315826027,1.0,0.19206349206349208,0.473015873015873,5.0,0.9999980158616901,3.0,0.201521981141232,0.11665401033419749,50000,2026-07-20T22:56:23Z,68.05883799999992,bipartite
v8_exp5_dreg_aff,C,314,nivel2,50000,1.6911143300740041,0.0894120352669428,0.19641550003743002,0.3382228660148008,0.9333333333333333,0.20952380952380953,0.4753968253968254,10.0,0.974757380956564,17.0,0.3700243609378977,0.23484565358368392,50000,2026-07-20T22:57:32Z,69.49225309999929,dreg_aff
v8_exp5_dreg_aff,D,314,nivel2,50000,1.0973746402294395,0.05651071513925564,0.26917534108686264,0.21947492804588795,0.9,0.16984126984126985,0.45476190476190476,10.0,1.2900561111203546,-1.0,0.32752702449896354,0.19348620808236877,50000,2026-07-20T22:58:57Z,83.93324949999987,dreg_aff
v8_exp5_dreg_aff,R,314,nivel2,50000,0.8930019853437783,0.04836393440381307,0.32248690471238006,0.17860039706875575,0.9666666666666667,0.18888888888888888,0.4444444444444444,1.0,0.9176400000089617,18.0,0.19161436499989637,0.10372997792638959,50000,2026-07-20T23:00:10Z,72.93383339999946,dreg_aff
v8_exp5_dreg_uni,C,314,nivel2,50000,0.9443505068028609,0.04960140806839299,0.22786193546173927,0.18887010136057225,0.9333333333333333,0.23253968253968255,0.49603174603174605,10.0,0.9548854761998795,-1.0,0.2569522801890828,0.17976979216850886,50000,2026-07-20T23:01:14Z,64.04308789999959,dreg_uni
v8_exp5_dreg_uni,D,314,nivel2,50000,0.057541707127380784,0.0029658570897390245,0.45751902097861,0.01150834142547621,1.0,0.1626984126984127,0.46190476190476193,10.0,1.0086234920638364,-1.0,0.3646871311837926,0.24303658349983473,50000,2026-07-20T23:02:33Z,78.82017610000003,dreg_uni
v8_exp5_dreg_uni,R,314,nivel2,50000,0.8930019853437783,0.04836393440381307,0.32248690471238006,0.17860039706875575,0.9666666666666667,0.18888888888888888,0.4444444444444444,1.0,0.7743588095142931,18.0,0.19161436499989637,0.10372997792638959,50000,2026-07-20T23:03:28Z,54.37325020000026,dreg_uni
v8_exp5_cycle,C,314,nivel2,50000,1.1514808230098454,0.05691980585843607,0.3213438816567712,0.23029616460196894,0.9666666666666667,0.21031746031746032,0.5293650793650794,1.0,0.7532179365171032,-1.0,0.22915586964336773,0.16848662365831224,50000,2026-07-20T23:04:22Z,53.69988259999991,cycle
v8_exp5_cycle,D,314,nivel2,50000,1.5258645751236772,0.08214091432499641,0.2257456758902977,0.3051729150247354,0.9666666666666667,0.17857142857142858,0.4087301587301587,7.0,1.1987435714088082,-1.0,0.3538193903029807,0.20744621246275657,50000,2026-07-20T23:05:38Z,75.6535245999994,cycle
v8_exp5_cycle,R,314,nivel2,50000,0.8930019853437783,0.04836393440381307,0.32248690471238006,0.17860039706875575,0.9666666666666667,0.18888888888888888,0.4444444444444444,1.0,0.9304105555454751,18.0,0.19161436499989637,0.10372997792638959,50000,2026-07-20T23:06:43Z,64.69484829999965,cycle
v8_exp5_bipartite,C,314,nivel2,50000,1.9054469623247412,0.0963915544834437,0.17508281553371124,0.3810893924649483,0.9666666666666667,0.17539682539682538,0.41825396825396827,18.0,1.1729106349342882,-1.0,0.5592886972915583,0.2717703840011627,50000,2026-07-20T23:07:55Z,72.26084360000004,bipartite
v8_exp5_bipartite,D,314,nivel2,50000,1.582809128214501,0.07444299341309003,0.22168613161627804,0.31656182564290014,0.9333333333333333,0.1626984126984127,0.39126984126984127,2.0,1.3976427777653577,-1.0,0.508381162681164,0.23696948695651354,50000,2026-07-20T23:09:24Z,88.6088907000003,bipartite
v8_exp5_bipartite,R,314,nivel2,50000,0.8930019853437783,0.04836393440381307,0.32248690471238006,0.17860039706875575,0.9666666666666667,0.18888888888888888,0.4444444444444444,1.0,1.0798296825337201,18.0,0.19161436499989637,0.10372997792638959,50000,2026-07-20T23:10:34Z,69.41864799999985,bipartite
v8_exp5_dreg_aff,C,1729,nivel2,50000,0.5673806869286402,0.032430636535073575,0.24170953954383398,0.11347613738572804,0.9666666666666667,0.19126984126984126,0.45396825396825397,18.0,0.9075438095120291,-1.0,0.49036408977421925,0.27207268558763936,50000,2026-07-20T23:11:42Z,67.54352680000011,dreg_aff
v8_exp5_dreg_aff,D,1729,nivel2,50000,0.662656347450315,0.03447765708340435,0.35878440138514034,0.13253126949006303,0.9333333333333333,0.16746031746031745,0.4595238095238095,3.0,1.2506904761743325,19.0,0.3485025845012511,0.19089440974630414,50000,2026-07-20T23:13:06Z,84.4143613999995,dreg_aff
v8_exp5_dreg_aff,R,1729,nivel2,50000,0.9115389926060534,0.04907971402121159,0.21713204477037928,0.1823077985212107,1.0,0.19285714285714287,0.4857142857142857,18.0,0.9611627777823222,13.0,0.17635015167182289,0.13372258539400417,50000,2026-07-20T23:14:13Z,66.64521150000019,dreg_aff
v8_exp5_dreg_uni,C,1729,nivel2,50000,0.28665749591526213,0.01695977402875116,0.34052828990768375,0.057331499183052435,0.9333333333333333,0.17936507936507937,0.49047619047619045,20.0,0.7534084126832784,21.0,0.41941438058877334,0.26840214486634617,50000,2026-07-20T23:15:19Z,64.90650520000054,dreg_uni
v8_exp5_dreg_uni,D,1729,nivel2,50000,-0.02400487354838579,-0.0012560513667063634,0.39107283467957044,-0.004800974709677131,1.0,0.16984126984126985,0.4523809523809524,7.0,1.0520998412709834,14.0,0.3911355722713098,0.25538946082982406,50000,2026-07-20T23:16:26Z,67.64147070000035,dreg_uni
v8_exp5_dreg_uni,R,1729,nivel2,50000,0.9115389926060534,0.04907971402121159,0.21713204477037928,0.1823077985212107,1.0,0.19285714285714287,0.4857142857142857,18.0,0.8011238095251529,13.0,0.17635015167182289,0.13372258539400417,50000,2026-07-20T23:17:21Z,54.068650199999865,dreg_uni
v8_exp5_cycle,C,1729,nivel2,50000,1.7432013805005906,0.09856280683997108,0.2597001716541092,0.3486402761001181,0.9666666666666667,0.22063492063492063,0.5206349206349207,3.0,0.7024081746005814,-1.0,0.48835336916885386,0.1971621494073188,50000,2026-07-20T23:18:14Z,52.9609147000001,cycle
v8_exp5_cycle,D,1729,nivel2,50000,0.4504152488996805,0.024202544241197204,0.346579310295271,0.09008304977993607,0.9666666666666667,0.16587301587301587,0.39206349206349206,6.0,0.9595215079426698,-1.0,0.4943494682160819,0.2693270855234311,50000,2026-07-20T23:19:15Z,61.004340199999206,cycle
v8_exp5_cycle,R,1729,nivel2,50000,0.9115389926060534,0.04907971402121159,0.21713204477037928,0.1823077985212107,1.0,0.19285714285714287,0.4857142857142857,18.0,0.6634942063519991,13.0,0.17635015167182289,0.13372258539400417,50000,2026-07-20T23:20:02Z,46.87507089999963,cycle
v8_exp5_bipartite,C,1729,nivel2,50000,0.6489048002331774,0.03435217365454355,0.38588564283496424,0.12978096004663559,0.9666666666666667,0.15158730158730158,0.40476190476190477,19.0,1.0321630952264045,-1.0,0.5939610298894284,0.2768979973336157,50000,2026-07-20T23:21:09Z,66.85103999999956,bipartite
v8_exp5_bipartite,D,1729,nivel2,50000,0.42134031148307943,0.021303178631752347,0.38220178791894743,0.08426806229661582,0.9,0.15873015873015872,0.37142857142857144,1.0,1.3154135714276414,18.0,0.555838773328384,0.2677873194842373,50000,2026-07-20T23:22:37Z,87.84573739999996,bipartite
v8_exp5_bipartite,R,1729,nivel2,50000,0.9115389926060534,0.04907971402121159,0.21713204477037928,0.1823077985212107,1.0,0.19285714285714287,0.4857142857142857,18.0,0.8040913491980078,13.0,0.17635015167182289,0.13372258539400417,50000,2026-07-20T23:23:44Z,66.48686759999964,bipartite
v8_exp5_dreg_aff,C,65535,nivel2,50000,0.9306410711562141,0.0537012208715228,0.23412752878934823,0.18612821423124284,0.9666666666666667,0.2111111111111111,0.4738095238095238,4.0,0.7510983333268375,22.0,0.44266250690616393,0.23326793017558445,50000,2026-07-20T23:24:46Z,61.46401820000028,dreg_aff
v8_exp5_dreg_aff,D,65535,nivel2,50000,1.0141290936960468,0.05731830642112474,0.18267268101250467,0.2028258187392093,0.8666666666666667,0.18571428571428572,0.4587301587301587,5.0,1.3299938889181322,21.0,0.22697140078327901,0.17821150018968243,50000,2026-07-20T23:26:08Z,82.3228382999996,dreg_aff
v8_exp5_dreg_aff,R,65535,nivel2,50000,0.6591953947114626,0.03370386924358646,0.3146636179582395,0.13183907894229246,1.0,0.1746031746031746,0.47063492063492063,7.0,0.7396844444421788,8.0,0.07928393800100271,0.1108821301067506,50000,2026-07-20T23:27:09Z,60.723811199999545,dreg_aff
v8_exp5_dreg_uni,C,65535,nivel2,50000,1.2383619030414914,0.07331532298941992,0.29566250656887183,0.24767238060829838,0.9666666666666667,0.17777777777777778,0.5015873015873016,4.0,0.7517836508004476,20.0,0.4108510816419119,0.21382092296205932,50000,2026-07-20T23:28:04Z,54.32804240000041,dreg_uni
v8_exp5_dreg_uni,D,65535,nivel2,50000,0.39313222360048683,0.020079887704685613,0.35404263280409365,0.07862644472009732,0.9666666666666667,0.18333333333333332,0.4452380952380952,4.0,1.4119381746067596,17.0,0.41484452214363715,0.22598831093997798,50000,2026-07-20T23:29:20Z,76.27719929999876,dreg_uni
v8_exp5_dreg_uni,R,65535,nivel2,50000,0.6591953947114626,0.03370386924358646,0.3146636179582395,0.13183907894229246,1.0,0.1746031746031746,0.47063492063492063,7.0,0.7757768253834493,8.0,0.07928393800100271,0.1108821301067506,50000,2026-07-20T23:30:20Z,59.61474419999831,dreg_uni
v8_exp5_cycle,C,65535,nivel2,50000,1.1239174218330095,0.0557616276155455,0.27609578276813396,0.2247834843666018,0.9666666666666667,0.22380952380952382,0.523015873015873,4.0,0.7144163492061096,-1.0,0.423753246523916,0.2119453632082444,50000,2026-07-20T23:31:12Z,51.326919299999645,cycle
v8_exp5_cycle,D,65535,nivel2,50000,1.506212638783485,0.07929345437920354,0.24617683738725882,0.3012425277566969,0.9666666666666667,0.19682539682539682,0.40555555555555556,4.0,0.9564485714070051,-1.0,0.5744091522288317,0.24472078644265668,50000,2026-07-20T23:32:16Z,63.88172999999915,cycle
v8_exp5_cycle,R,65535,nivel2,50000,0.6591953947114626,0.03370386924358646,0.3146636179582395,0.13183907894229246,1.0,0.1746031746031746,0.47063492063492063,7.0,0.6439823015892808,8.0,0.07928393800100271,0.1108821301067506,50000,2026-07-20T23:33:07Z,51.11714049999864,cycle
v8_exp5_bipartite,C,65535,nivel2,50000,1.997541149575988,0.11301596623652252,0.1871104688117391,0.39950822991519763,0.9333333333333333,0.1880952380952381,0.4126984126984127,8.0,0.7276812698234737,22.0,0.48279121889296184,0.27866887864819273,50000,2026-07-20T23:34:00Z,52.17146689999936,bipartite
v8_exp5_bipartite,D,65535,nivel2,50000,1.2905155399891501,0.06675051467725235,0.33406948857021845,0.2581031079978301,0.8666666666666667,0.19047619047619047,0.3880952380952381,5.0,1.0221458730325501,-1.0,0.43288476593143277,0.244104174015202,50000,2026-07-20T23:35:05Z,65.31469879999895,bipartite
v8_exp5_bipartite,R,65535,nivel2,50000,0.6591953947114626,0.03370386924358646,0.3146636179582395,0.13183907894229246,1.0,0.1746031746031746,0.47063492063492063,7.0,0.7902165079637294,8.0,0.07928393800100271,0.1108821301067506,50000,2026-07-20T23:35:57Z,51.1830530999996,bipartite
