campaign_id,model,seed,universe,total_steps,cumulative_return,sharpe_ratio,max_drawdown,mean_reward,asset_coverage,topm_hit_rate,candidate_hit_rate,time_to_first_promising,mean_latency_ms,episodes_to_convergence,train_reward_last,train_reward_mean,n_train_steps,timestamp_utc,duration_seconds,tag
v8_review3_Dcentered,D,42,nivel2,50000,0.9257907344491193,0.05062367245923901,0.2133615268019814,0.18515814688982393,0.9666666666666667,0.21666666666666667,0.473015873015873,4.0,1.290869444011829,19.0,0.2860997269781724,0.20148173533737054,50000,2026-08-04T01:17:43Z,101.50484579999465,Dcentered
v8_review3_Dcentered,D,123,nivel2,50000,0.7136708746660219,0.0387238610848098,0.2734300265139105,0.14273417493320437,0.9666666666666667,0.1984126984126984,0.48253968253968255,17.0,1.2949079357823061,21.0,0.35139346979085406,0.26429810153949174,50000,2026-08-04T01:19:15Z,91.10404619999463,Dcentered
v8_review3_Dcentered,D,456,nivel2,50000,0.7430047742138517,0.040835414906779235,0.26628572799307626,0.1486009548427703,0.9333333333333333,0.22698412698412698,0.48333333333333334,11.0,1.1158430955782976,19.0,0.3817167941450763,0.23493665991028664,50000,2026-08-04T01:20:52Z,96.79854930000147,Dcentered
v8_review3_Dcentered,D,789,nivel2,50000,-0.15300068486354496,-0.008218777356789938,0.536145756208458,-0.03060013697270898,0.9666666666666667,0.1865079365079365,0.48174603174603176,3.0,1.4774721433659868,22.0,0.4164366188640357,0.20067424798568612,50000,2026-08-04T01:22:31Z,99.26921860000584,Dcentered
v8_review3_Dcentered,D,1024,nivel2,50000,0.352941564488496,0.0195155066182023,0.43350226351973437,0.07058831289769926,0.9,0.22380952380952382,0.476984126984127,1.0,0.9135416673315275,-1.0,0.4977501394614393,0.24093966188549654,50000,2026-08-04T01:24:20Z,108.27801280003041,Dcentered
v8_review3_Dcentered,D,7,nivel2,50000,0.0862548138905582,0.004910302145614205,0.353324977021906,0.017250962778111657,0.9666666666666667,0.18253968253968253,0.4738095238095238,4.0,1.4513409521434426,20.0,0.4114731431547985,0.24709871759468746,50000,2026-08-04T01:26:01Z,100.7224833999644,Dcentered
v8_review3_Dcentered,D,99,nivel2,50000,0.48675263009773395,0.028303231884829652,0.4327123189060441,0.09735052601954684,0.9666666666666667,0.21031746031746032,0.4753968253968254,5.0,1.3693409529329825,11.0,0.266036523787382,0.22408290254345253,50000,2026-08-04T01:27:44Z,102.88754880003398,Dcentered
v8_review3_Dcentered,D,314,nivel2,50000,0.6631342842271338,0.035128493164918576,0.24198369408911014,0.13262685684542674,0.9666666666666667,0.2119047619047619,0.4777777777777778,9.0,1.3464808736148008,18.0,0.35635548981275134,0.22137575505949672,50000,2026-08-04T01:29:19Z,94.6335133999819,Dcentered
v8_review3_Dcentered,D,1729,nivel2,50000,-0.20277753183263927,-0.012221662660494534,0.41588582551525155,-0.040555506366527855,0.9,0.18412698412698414,0.4658730158730159,20.0,1.3121204769482748,22.0,0.4108754717977978,0.26237498948348276,50000,2026-08-04T01:30:50Z,90.4787728000083,Dcentered
v8_review3_Dcentered,D,65535,nivel2,50000,0.12489835880486905,0.00701211414628863,0.474657114283977,0.024979671760973814,0.9333333333333333,0.20238095238095238,0.4746031746031746,4.0,1.422903412631491,-1.0,0.5316450446002838,0.25452639447885217,50000,2026-08-04T01:32:20Z,89.8044526000158,Dcentered
v8_review3_C_cost5bp,C,42,nivel2,50000,0.4162517597112481,0.02304474782994717,0.2702170227634082,0.08325035194224965,0.9,0.18888888888888888,0.41984126984126985,7.0,0.9583261119948315,-1.0,0.3200616546733785,0.14844850625162778,50000,2026-08-04T01:33:32Z,71.58251059998292,C_cost5bp
v8_review3_C_cost5bp,C,123,nivel2,50000,0.5211331297796897,0.029057749040370576,0.26038949479139484,0.10422662595593794,0.9,0.1880952380952381,0.43333333333333335,1.0,0.9857528565344327,22.0,0.24339947861512073,0.23524753149868244,50000,2026-08-04T01:34:48Z,75.51482620002935,C_cost5bp
v8_review3_C_cost5bp,C,456,nivel2,50000,0.7887028524318425,0.04403167662036763,0.24527375289442216,0.15774057048636841,0.9,0.1984126984126984,0.4365079365079365,8.0,0.9663663492242377,20.0,0.30315989663559867,0.2132401365988809,50000,2026-08-04T01:36:01Z,72.60164300003089,C_cost5bp
v8_review3_C_cost5bp,C,789,nivel2,50000,-0.18063487822920557,-0.009918835807284955,0.4825639692814182,-0.03612697564584117,0.9,0.1619047619047619,0.4365079365079365,15.0,0.895247381043783,-1.0,0.4341736230938653,0.16444437838499926,50000,2026-08-04T01:37:14Z,72.42933750001248,C_cost5bp
v8_review3_C_cost5bp,C,1024,nivel2,50000,0.8755275360505228,0.04987448300574082,0.1804361750511179,0.1751055072101045,0.9,0.20555555555555555,0.43333333333333335,8.0,0.9891528583553043,18.0,0.42757760388598676,0.17039857145277681,50000,2026-08-04T01:38:24Z,70.21468899998581,C_cost5bp
v8_review3_C_cost5bp,C,7,nivel2,50000,-0.6489689728203496,-0.03698324332758993,0.791873585463042,-0.12979379456406992,0.9,0.17777777777777778,0.42142857142857143,4.0,0.9841530958452956,-1.0,0.45273408629299444,0.20193363178588558,50000,2026-08-04T01:39:41Z,76.4418558999896,C_cost5bp
v8_review3_C_cost5bp,C,99,nivel2,50000,0.19359325708014585,0.010513275406744352,0.3787669259511419,0.03871865141602912,0.9,0.18095238095238095,0.43412698412698414,6.0,0.9805695228149287,-1.0,0.3006108026305986,0.14758302812396074,50000,2026-08-04T01:41:01Z,79.80098319996614,C_cost5bp
v8_review3_C_cost5bp,C,314,nivel2,50000,0.7738226796110795,0.040222492080491404,0.31082354217456454,0.15476453592221584,0.9,0.19603174603174603,0.43253968253968256,1.0,1.012540555379856,18.0,0.2961081353602936,0.1827680761398836,50000,2026-08-04T01:42:20Z,78.77603599999566,C_cost5bp
v8_review3_C_cost5bp,C,1729,nivel2,50000,0.4777243894542361,0.02538826811602479,0.37522997269916236,0.09554487789084717,0.9,0.1634920634920635,0.4166666666666667,1.0,1.0162139685162979,-1.0,0.3436880519154395,0.18125567320924107,50000,2026-08-04T01:43:44Z,83.85901539999759,C_cost5bp
v8_review3_C_cost5bp,C,65535,nivel2,50000,1.0734557450866755,0.06296274074473857,0.20060202133395455,0.2146911490173351,0.9,0.18571428571428572,0.42936507936507934,4.0,1.09099722277957,-1.0,0.43075431751705817,0.20906175345535352,50000,2026-08-04T01:45:05Z,80.02904110000236,C_cost5bp
v8_review3_D_cost5bp,D,42,nivel2,50000,0.22006041546635988,0.011148112965372893,0.29583615992702683,0.04401208309327198,0.9,0.19523809523809524,0.4388888888888889,4.0,1.5775284121027364,-1.0,0.3825724664661893,0.17718743277046667,50000,2026-08-04T01:46:39Z,94.21619549999014,D_cost5bp
v8_review3_D_cost5bp,D,123,nivel2,50000,0.43389556309583754,0.01923184462071101,0.35932887040957695,0.0867791126191676,0.8333333333333334,0.173015873015873,0.4579365079365079,1.0,1.3441443632242256,20.0,0.4268358667789593,0.2826214707063519,50000,2026-08-04T01:48:22Z,102.06879879999906,D_cost5bp
v8_review3_D_cost5bp,D,456,nivel2,50000,1.0385864025513254,0.053046726405227736,0.22376805439328262,0.20771728051026508,0.9,0.18968253968253967,0.4587301587301587,11.0,1.3384057939725205,20.0,0.3884130522764322,0.2126763290179515,50000,2026-08-04T01:49:57Z,95.15660829999251,D_cost5bp
v8_review3_D_cost5bp,D,789,nivel2,50000,0.08816469717486364,0.004604845488269809,0.34592609562836785,0.0176329394349727,0.8333333333333334,0.18968253968253967,0.45476190476190476,12.0,1.364180318907731,20.0,0.3414587220998756,0.17774321450826822,50000,2026-08-04T01:51:29Z,91.11631280003348,D_cost5bp
v8_review3_D_cost5bp,D,1024,nivel2,50000,0.03899186861351528,0.0019377135427963894,0.5427794701736212,0.007798373722703003,0.8666666666666667,0.19285714285714287,0.4515873015873016,11.0,1.4046013494768728,17.0,0.36451687834217117,0.1768022858368621,50000,2026-08-04T01:53:04Z,94.88120259996504,D_cost5bp
v8_review3_D_cost5bp,D,7,nivel2,50000,0.927346001597231,0.049399046038029464,0.37341754632470076,0.18546920031944616,0.8666666666666667,0.19126984126984126,0.4380952380952381,15.0,2.210819285172629,21.0,0.33033588313822326,0.1901355581090052,50000,2026-08-04T01:54:43Z,98.99669870000798,D_cost5bp
v8_review3_D_cost5bp,D,99,nivel2,50000,0.70481090807157,0.036546821790268,0.3491999700234884,0.140962181614314,0.8666666666666667,0.18174603174603174,0.45396825396825397,5.0,1.19665595273199,20.0,0.3837008182725149,0.19263685316019175,50000,2026-08-04T01:56:37Z,113.73212760000024,D_cost5bp
v8_review3_D_cost5bp,D,314,nivel2,50000,0.40965698668228284,0.019134984017910302,0.6132573618208721,0.08193139733645668,0.8666666666666667,0.1873015873015873,0.4515873015873016,10.0,1.4130515095386063,-1.0,0.39391014599356716,0.16366682596183124,50000,2026-08-04T01:58:04Z,86.81613780005137,D_cost5bp
v8_review3_D_cost5bp,D,1729,nivel2,50000,0.3794253805149703,0.019190222858854047,0.47269659721828095,0.07588507610299404,0.8333333333333334,0.17063492063492064,0.43253968253968256,1.0,1.3045704777127072,15.0,0.39385325116969805,0.253959224878412,50000,2026-08-04T01:59:35Z,90.8122911999817,D_cost5bp
v8_review3_D_cost5bp,D,65535,nivel2,50000,0.3594890265652049,0.017278906710059622,0.46346418512600585,0.07189780531304094,0.8666666666666667,0.1865079365079365,0.44682539682539685,10.0,1.434184602759261,22.0,0.399788306346356,0.2422258562261084,50000,2026-08-04T02:01:09Z,92.93574579997221,D_cost5bp
v8_review3_R_cost5bp,R,42,nivel2,50000,0.42169665801992695,0.023307162941269943,0.3214152774394971,0.08433933160398539,1.0,0.19126984126984126,0.45396825396825397,1.0,0.9881492839047005,-1.0,0.10311354803269047,-0.005033204722565679,50000,2026-08-04T02:02:27Z,78.12501519999932,R_cost5bp
v8_review3_R_cost5bp,R,123,nivel2,50000,0.17013408895202836,0.007978724319427295,0.5122899456700494,0.03402681779040564,1.0,0.19047619047619047,0.4650793650793651,6.0,0.9895631745513085,-1.0,0.038407480235781624,-0.009626669479159465,50000,2026-08-04T02:03:42Z,74.27937910001492,R_cost5bp
v8_review3_R_cost5bp,R,456,nivel2,50000,0.867699735655442,0.042492614759513894,0.36916922921658435,0.17353994713108842,1.0,0.19206349206349208,0.45476190476190476,28.0,0.9961972231625594,21.0,0.01041741640068608,0.0004588225870557444,50000,2026-08-04T02:04:52Z,70.01624289999017,R_cost5bp
v8_review3_R_cost5bp,R,789,nivel2,50000,0.2998709235773462,0.014802055910734148,0.35439352323656503,0.059974184715469205,0.9666666666666667,0.17063492063492064,0.45555555555555555,15.0,1.1646512704106817,18.0,0.05728147353045197,-0.02633313032785938,50000,2026-08-04T02:06:17Z,84.18984880001517,R_cost5bp
v8_review3_R_cost5bp,R,1024,nivel2,50000,0.24425699890884034,0.012391112989620715,0.36706272549204544,0.04885139978176815,1.0,0.17142857142857143,0.4365079365079365,11.0,0.9190542865470643,14.0,0.12230642348252962,0.019319314995504735,50000,2026-08-04T02:07:32Z,74.92490380001254,R_cost5bp
v8_review3_R_cost5bp,R,7,nivel2,50000,0.05549352634578997,0.0029176439255137925,0.5699558205618458,0.011098705269158052,1.0,0.17063492063492064,0.44047619047619047,4.0,0.9077904759795361,-1.0,-0.031170274679410824,-0.03598231078473084,50000,2026-08-04T02:08:44Z,71.23505850002402,R_cost5bp
v8_review3_R_cost5bp,R,99,nivel2,50000,-0.2069049035076143,-0.01115601891842694,0.6107008437280151,-0.04138098070152292,1.0,0.19126984126984126,0.473015873015873,5.0,0.9453986496997199,-1.0,-0.017426549290509828,0.00969383969505392,50000,2026-08-04T02:09:54Z,70.58277420001104,R_cost5bp
v8_review3_R_cost5bp,R,314,nivel2,50000,1.0260770533905275,0.05598175860182245,0.22654930573396403,0.2052154106781054,1.0,0.17936507936507937,0.4444444444444444,1.0,1.1128135715215837,12.0,0.054918572583028874,-0.008135504119686337,50000,2026-08-04T02:11:08Z,73.06289629999083,R_cost5bp
v8_review3_R_cost5bp,R,1729,nivel2,50000,0.012840304119506263,0.0006829870981864663,0.527926334766286,0.002568060823901297,1.0,0.18888888888888888,0.4857142857142857,5.0,0.9267260306163706,20.0,0.041576996053166886,0.013310003326634711,50000,2026-08-04T02:12:19Z,71.26917889999459,R_cost5bp
v8_review3_R_cost5bp,R,65535,nivel2,50000,0.838450246447288,0.045739434517349645,0.29048706204128255,0.1676900492894576,1.0,0.18888888888888888,0.47063492063492063,9.0,1.0296403189256256,-1.0,-0.024213088364643788,-0.0019237626019310043,50000,2026-08-04T02:13:33Z,73.2981292999466,R_cost5bp
v8_review3_C_cost10bp,C,42,nivel2,50000,0.1909565178932433,0.011444241611973735,0.2317191683816766,0.03819130357864858,0.8666666666666667,0.18492063492063493,0.41984126984126985,8.0,1.0136844438781578,-1.0,0.11244809219498508,0.07226742622388745,50000,2026-08-04T02:14:52Z,78.57561440003337,C_cost10bp
v8_review3_C_cost10bp,C,123,nivel2,50000,0.036569709525462735,0.00212577666978073,0.354222121611131,0.007313941905092563,0.9,0.18968253968253967,0.43333333333333335,1.0,0.8879381755370617,11.0,0.2042494935489023,0.1528486921851553,50000,2026-08-04T02:16:13Z,81.07053440000163,C_cost10bp
v8_review3_C_cost10bp,C,456,nivel2,50000,0.6524556772819438,0.03483554849156959,0.25152668641828885,0.13049113545638874,0.9,0.18968253968253967,0.4365079365079365,8.0,1.1268751588576134,15.0,0.19838358706585926,0.12788411235668132,50000,2026-08-04T02:17:36Z,81.79298359999666,C_cost10bp
v8_review3_C_cost10bp,C,789,nivel2,50000,-0.4960956982975574,-0.02902068736295061,0.7348020485922757,-0.09921913965951154,0.9,0.17222222222222222,0.4365079365079365,14.0,0.8999888104708156,-1.0,0.357068739292977,0.08040573354083644,50000,2026-08-04T02:18:47Z,71.43870250001783,C_cost10bp
v8_review3_C_cost10bp,C,1024,nivel2,50000,-0.2247387057319807,-0.011984393170250187,0.4420040410336712,-0.04494774114639618,0.9,0.17857142857142858,0.43333333333333335,18.0,0.987328492966111,16.0,0.24822065223402703,0.08611259676912342,50000,2026-08-04T02:20:03Z,75.16293719998794,C_cost10bp
v8_review3_C_cost10bp,C,7,nivel2,50000,-0.6500986170295067,-0.038197321399613154,0.6895355830666093,-0.13001972340590134,0.9,0.17777777777777778,0.42142857142857143,4.0,0.998513968910889,-1.0,0.37660848935686747,0.12913275884355158,50000,2026-08-04T02:21:19Z,75.49518870003521,C_cost10bp
v8_review3_C_cost10bp,C,99,nivel2,50000,0.22029889784069798,0.013161405709178769,0.27118088632258375,0.04405977956813961,0.9,0.19444444444444445,0.43412698412698414,6.0,0.9890946826624077,-1.0,0.25656134440517947,0.09978795391402223,50000,2026-08-04T02:22:34Z,74.93927390000317,C_cost10bp
v8_review3_C_cost10bp,C,314,nivel2,50000,-0.15974885396753918,-0.00836739095420435,0.5288543891373163,-0.03194977079350785,0.9,0.16904761904761906,0.43253968253968256,1.0,0.9476656357051864,18.0,0.22433550646469466,0.09855825246828222,50000,2026-08-04T02:23:45Z,70.98938750004163,C_cost10bp
v8_review3_C_cost10bp,C,1729,nivel2,50000,-0.4561927428909807,-0.023987832488626664,0.5428999593936863,-0.09123854857819622,0.9,0.16666666666666666,0.4166666666666667,1.0,0.970921032213872,-1.0,0.3062052522490285,0.11450445655334811,50000,2026-08-04T02:24:57Z,71.04043059999822,C_cost10bp
v8_review3_C_cost10bp,C,65535,nivel2,50000,0.31238630800787015,0.018316347879364803,0.3517633476596146,0.062477261601574054,0.9,0.17777777777777778,0.42936507936507934,4.0,0.9543412698558458,17.0,0.38664190139765,0.1455688027323781,50000,2026-08-04T02:26:07Z,70.0354649000219,C_cost10bp
v8_review3_D_cost10bp,D,42,nivel2,50000,-0.2818792645874421,-0.013274170152852559,0.5664952264463265,-0.05637585291748839,0.9,0.20238095238095238,0.4388888888888889,4.0,1.0026876973579564,20.0,0.3240057956786331,0.1055403777627438,50000,2026-08-04T02:27:36Z,88.28788020001957,D_cost10bp
v8_review3_D_cost10bp,D,123,nivel2,50000,0.06213367661896557,0.0032131995551612906,0.3223294447294853,0.012426735323793134,0.8333333333333334,0.18015873015873016,0.4579365079365079,1.0,1.0498301582946812,21.0,0.275428821034376,0.19552561328895357,50000,2026-08-04T02:28:48Z,72.0266990000382,D_cost10bp
v8_review3_D_cost10bp,D,456,nivel2,50000,0.8935703220015316,0.047686834439672705,0.2413266264881365,0.17871406440030635,0.8333333333333334,0.19523809523809524,0.4587301587301587,27.0,1.041918651187896,19.0,0.24615770959117653,0.1503562813288351,50000,2026-08-04T02:30:01Z,72.47565209999448,D_cost10bp
v8_review3_D_cost10bp,D,789,nivel2,50000,-0.5110015486948024,-0.027193185373951025,0.7014756759120093,-0.10220030973896047,0.8666666666666667,0.1738095238095238,0.45476190476190476,2.0,1.3149796821092004,-1.0,0.36271948472484544,0.10598670161299757,50000,2026-08-04T02:31:32Z,90.63023830001475,D_cost10bp
v8_review3_D_cost10bp,D,1024,nivel2,50000,-0.13577627369487,-0.006522182951188283,0.5873910117799728,-0.027155254738973945,0.8666666666666667,0.20317460317460317,0.4515873015873016,7.0,1.6944235702145047,19.0,0.360228284371633,0.1115277652983269,50000,2026-08-04T02:33:03Z,91.09896509995451,D_cost10bp
v8_review3_D_cost10bp,D,7,nivel2,50000,-0.009401817108759758,-0.0005061705492633002,0.5710718414891998,-0.0018803634217519293,0.8666666666666667,0.19444444444444445,0.4380952380952381,15.0,1.2256029368256263,-1.0,0.2537138595841907,0.1205056441548625,50000,2026-08-04T02:34:32Z,88.85919139999896,D_cost10bp
v8_review3_D_cost10bp,D,99,nivel2,50000,-0.3480868831674587,-0.017172095576373544,0.937131678690908,-0.06961737663349174,0.8333333333333334,0.18095238095238095,0.45396825396825397,5.0,1.2081246840627125,16.0,0.2882764852956261,0.11740229906708935,50000,2026-08-04T02:36:05Z,92.90434399998048,D_cost10bp
v8_review3_D_cost10bp,D,314,nivel2,50000,-0.08227546604108779,-0.003627143454155132,0.5628548459119429,-0.016455093208217482,0.8666666666666667,0.18571428571428572,0.4515873015873016,10.0,1.1698466662358167,22.0,0.24635626651573783,0.1091209143129497,50000,2026-08-04T02:37:33Z,87.56307260005269,D_cost10bp
v8_review3_D_cost10bp,D,1729,nivel2,50000,-0.4015715144718961,-0.020835634031622304,0.6810872551552254,-0.08031430289437924,0.8333333333333334,0.15873015873015872,0.43253968253968256,8.0,1.222908413102333,15.0,0.2582410276070828,0.16157612390029108,50000,2026-08-04T02:38:57Z,84.03826250002021,D_cost10bp
v8_review3_D_cost10bp,D,65535,nivel2,50000,0.09247235331386862,0.004519717914990746,0.4404092901504002,0.018494470662773772,0.8666666666666667,0.19444444444444445,0.44682539682539685,11.0,1.1891205556273077,21.0,0.27753183172127666,0.13245023003290193,50000,2026-08-04T02:40:23Z,85.65941730001941,D_cost10bp
v8_review3_R_cost10bp,R,42,nivel2,50000,-0.45194027403215076,-0.026186312094952133,0.9384834956312385,-0.09038805480643022,1.0,0.19603174603174603,0.45396825396825397,1.0,0.9813707926133204,-1.0,0.020882972973277958,-0.10943769676693124,50000,2026-08-04T02:41:36Z,72.03979589999653,R_cost10bp
v8_review3_R_cost10bp,R,123,nivel2,50000,-0.6379786757397967,-0.027442436269091763,0.9853777099621136,-0.12759573514795938,0.9666666666666667,0.1880952380952381,0.4650793650793651,6.0,0.9779713491240279,20.0,-0.1358603848388362,-0.12644243477638642,50000,2026-08-04T02:42:51Z,74.37528530001873,R_cost10bp
v8_review3_R_cost10bp,R,456,nivel2,50000,0.2630258751869085,0.013330179197119443,0.5749361789225067,0.05260517503738158,1.0,0.2007936507936508,0.45476190476190476,6.0,0.8423046815478878,1.0,-0.09464185887043003,-0.11138248317702855,50000,2026-08-04T02:44:06Z,75.25762950000353,R_cost10bp
v8_review3_R_cost10bp,R,789,nivel2,50000,-0.7743565900952885,-0.03859963032042484,0.939520717580802,-0.15487131801905776,1.0,0.176984126984127,0.45555555555555555,15.0,0.9077807136308698,3.0,-0.04208311770832829,-0.12901474645622332,50000,2026-08-04T02:45:13Z,66.87597709998954,R_cost10bp
v8_review3_R_cost10bp,R,1024,nivel2,50000,-0.8755282956098759,-0.04657833496186627,1.035837813200673,-0.17510565912197515,1.0,0.17777777777777778,0.4365079365079365,11.0,0.9195382537741569,10.0,-0.02676097777372885,-0.1040575103256007,50000,2026-08-04T02:46:24Z,70.09628249995876,R_cost10bp
v8_review3_R_cost10bp,R,7,nivel2,50000,-0.23218344846726263,-0.011826350262371417,0.46768130298878463,-0.04643668969345255,1.0,0.17936507936507937,0.44047619047619047,1.0,1.033772936410507,18.0,-0.11228763940405376,-0.13234153617534594,50000,2026-08-04T02:47:41Z,76.49522129999241,R_cost10bp
v8_review3_R_cost10bp,R,99,nivel2,50000,-0.8017429760973775,-0.043618538031743474,0.9711036667591657,-0.1603485952194755,1.0,0.18492063492063493,0.473015873015873,5.0,0.9177642043343641,-1.0,-0.0660809026056139,-0.08850948976134497,50000,2026-08-04T02:48:51Z,69.64677799999481,R_cost10bp
v8_review3_R_cost10bp,R,314,nivel2,50000,-0.30262922878897136,-0.016052076346111104,0.6756731059137103,-0.0605258457577942,1.0,0.18253968253968253,0.4444444444444444,1.0,0.9230367463296427,4.0,-0.05280631274430089,-0.11998347105943775,50000,2026-08-04T02:50:03Z,71.96583860000828,R_cost10bp
v8_review3_R_cost10bp,R,1729,nivel2,50000,-0.4030962308149985,-0.020856401928193862,0.6653761154518578,-0.08061924616299973,1.0,0.17222222222222222,0.4857142857142857,18.0,0.9157059531721715,-1.0,-0.10735354603071712,-0.09044135726055344,50000,2026-08-04T02:51:13Z,69.88361350004561,R_cost10bp
v8_review3_R_cost10bp,R,65535,nivel2,50000,-0.12414682376012212,-0.006776265215877798,0.4191563664929119,-0.024829364752024397,1.0,0.173015873015873,0.47063492063492063,9.0,1.0384269050850963,7.0,-0.07655739777459226,-0.09259487520264831,50000,2026-08-04T02:52:19Z,66.2660638000234,R_cost10bp
