campaign_id,model,seed,universe,total_steps,cumulative_return,sharpe_ratio,max_drawdown,mean_reward,asset_coverage,topm_hit_rate,candidate_hit_rate,time_to_first_promising,mean_latency_ms,episodes_to_convergence,train_reward_last,train_reward_mean,n_train_steps,timestamp_utc,duration_seconds,rotation_p
rotation_p0.00_v7,S_p0.00,42,nivel2,50000,0.4714453546659477,0.024697826362287314,0.5165697807816201,0.09428907093318954,0.9333333333333333,0.16666666666666666,0.43174603174603177,1.0,0.9928285714320535,1.0,0.11799261796882114,0.10539615852989474,50000,2026-06-10T04:03:22Z,63.756959300000744,0.0
rotation_p0.10_v7,S_p0.10,42,nivel2,50000,0.4997989764443287,0.025799712446019196,0.4001711058494718,0.09995979528886575,1.0,0.15634920634920635,0.4246031746031746,1.0,0.8263470634581551,5.0,0.05570432972749219,0.10051434756409668,50000,2026-06-10T04:04:28Z,65.56966980000107,0.1
rotation_p0.25_v7,S_p0.25,42,nivel2,50000,1.8456331757316566,0.09924041880437132,0.21047227878162067,0.36912663514633126,1.0,0.18888888888888888,0.4396825396825397,1.0,1.0611295238367535,2.0,0.19154008903207756,0.09982424995438643,50000,2026-06-10T04:05:42Z,73.11487259999922,0.25
rotation_p0.50_v7,S_p0.50,42,nivel2,50000,0.9388616602161095,0.04963469922004254,0.3113160762396123,0.18777233204322194,1.0,0.19523809523809524,0.4595238095238095,1.0,1.1084160317772156,-1.0,0.20225446747820375,0.09021842588747565,50000,2026-06-10T04:06:56Z,74.14160880000054,0.5
rotation_p0.75_v7,S_p0.75,42,nivel2,50000,0.2559915892258722,0.013260070104625309,0.42409120334089834,0.05119831784517446,0.9666666666666667,0.19206349206349208,0.44682539682539685,1.0,1.0959902380515512,-1.0,0.15970584246481656,0.07727202362638025,50000,2026-06-10T04:08:11Z,74.73283860000083,0.75
rotation_p1.00_v7,S_p1.00,42,nivel2,50000,0.33711952822881674,0.015864251265048063,0.3922329350051334,0.06742390564576335,1.0,0.16031746031746033,0.44047619047619047,1.0,1.0634856349266586,12.0,0.20227933035071782,0.1102715178516646,50000,2026-06-10T04:09:24Z,72.68821910000042,1.0
rotation_p0.00_v7,S_p0.00,123,nivel2,50000,0.7602815918605547,0.03679623636785339,0.319232307643197,0.15205631837211095,0.9333333333333333,0.15555555555555556,0.4380952380952381,6.0,1.0869117460118551,16.0,0.058239288959735826,0.08454338472077959,50000,2026-06-10T04:10:37Z,72.58743390000018,0.0
rotation_p0.10_v7,S_p0.10,123,nivel2,50000,0.14914235147377974,0.007408221089901359,0.42707844638999326,0.029828470294755972,1.0,0.17539682539682538,0.4396825396825397,6.0,0.7452974603164342,16.0,0.03876171334566671,0.0814617445153682,50000,2026-06-10T04:11:46Z,68.46473430000151,0.1
rotation_p0.25_v7,S_p0.25,123,nivel2,50000,1.1068229728892898,0.060626631058336745,0.3964253462021867,0.2213645945778579,0.9666666666666667,0.18571428571428572,0.44126984126984126,8.0,0.7598387301605105,10.0,0.045536214084805925,0.09139933651019777,50000,2026-06-10T04:12:40Z,54.28764819999924,0.25
rotation_p0.50_v7,S_p0.50,123,nivel2,50000,1.1062144521924153,0.05790565753827942,0.30881364050737037,0.22124289043848294,1.0,0.19126984126984126,0.46984126984126984,17.0,1.0248880952473436,-1.0,0.23068145233208864,0.089524966051863,50000,2026-06-10T04:13:49Z,67.9690671999997,0.5
rotation_p0.75_v7,S_p0.75,123,nivel2,50000,1.392943101167363,0.07609128855423018,0.20741219595170293,0.2785886202334727,1.0,0.19523809523809524,0.44682539682539685,18.0,1.037079285693864,17.0,0.12541479974770703,0.08320465500233981,50000,2026-06-10T04:15:04Z,75.5746909999998,0.75
rotation_p1.00_v7,S_p1.00,123,nivel2,50000,1.7867409817995035,0.10199296225484977,0.2189023978279626,0.35734819635990067,0.9666666666666667,0.18888888888888888,0.4753968253968254,4.0,1.077291190503029,18.0,0.15531436766434176,0.09659613518097933,50000,2026-06-10T04:16:17Z,72.04503310000109,1.0
rotation_p0.00_v7,S_p0.00,456,nivel2,50000,0.1912295866196423,0.009788220992461561,0.6666666454469955,0.03824591732392841,1.0,0.18968253968253967,0.4523809523809524,1.0,1.070918333357801,-1.0,0.19434944648397728,0.09806750601779088,50000,2026-06-10T04:17:30Z,73.16356839999935,0.0
rotation_p0.10_v7,S_p0.10,456,nivel2,50000,0.48521813796723173,0.02327312324193397,0.46813142325154367,0.09704362759344642,0.9666666666666667,0.16984126984126985,0.46111111111111114,2.0,1.0040952380785755,15.0,0.14857931102374033,0.09508266172999687,50000,2026-06-10T04:18:44Z,73.23222279999936,0.1
rotation_p0.25_v7,S_p0.25,456,nivel2,50000,0.59987196508543,0.03012382129713905,0.574097123748741,0.11997439301708597,1.0,0.18888888888888888,0.45714285714285713,1.0,1.056773650760165,13.0,0.21109910138082894,0.08161846213190532,50000,2026-06-10T04:19:57Z,73.56216499999937,0.25
rotation_p0.50_v7,S_p0.50,456,nivel2,50000,1.1588963192295703,0.06340211965761738,0.2632433156744785,0.2317792638459141,0.9666666666666667,0.17777777777777778,0.44761904761904764,25.0,1.044625634926527,8.0,0.08983261572917646,0.12177180766132331,50000,2026-06-10T04:21:11Z,73.1445764,0.5
rotation_p0.75_v7,S_p0.75,456,nivel2,50000,0.7025140177191038,0.03738056828279309,0.5885269143137142,0.14050280354382094,1.0,0.176984126984127,0.4634920634920635,14.0,0.996151190425042,-1.0,0.05300904690918665,0.10577161482377549,50000,2026-06-10T04:22:24Z,72.78683810000075,0.75
rotation_p1.00_v7,S_p1.00,456,nivel2,50000,0.5365763061201271,0.025835793273241744,0.40504521020065976,0.10731526122402546,1.0,0.20634920634920634,0.4642857142857143,8.0,1.073113015892944,12.0,0.12331486483160516,0.11440003922331131,50000,2026-06-10T04:23:37Z,72.49442699999963,1.0
rotation_p0.00_v7,S_p0.00,789,nivel2,50000,1.0386354740933788,0.05585987811758856,0.3790750194451611,0.2077270948186757,0.9666666666666667,0.16984126984126985,0.4119047619047619,3.0,1.0384679365531142,8.0,0.14163664160167205,0.0889143392153501,50000,2026-06-10T04:24:48Z,70.7823413999995,0.0
rotation_p0.10_v7,S_p0.10,789,nivel2,50000,0.8368636117416319,0.045536222548788335,0.18652264659703058,0.16737272234832642,1.0,0.15396825396825398,0.4238095238095238,18.0,0.9972581745906999,-1.0,0.12173203095127211,0.0793063634187598,50000,2026-06-10T04:25:59Z,70.76105739999912,0.1
rotation_p0.25_v7,S_p0.25,789,nivel2,50000,0.8210490489272432,0.044378238047331826,0.37503120998942724,0.1642098097854487,1.0,0.17142857142857143,0.44285714285714284,2.0,1.0653968253921318,5.0,0.15372744182414272,0.08577214707465516,50000,2026-06-10T04:27:10Z,70.8539763000008,0.25
rotation_p0.50_v7,S_p0.50,789,nivel2,50000,-0.8331529736760742,-0.041671066951767075,0.8717109120801443,-0.1666305947352149,0.9666666666666667,0.15555555555555556,0.4523809523809524,3.0,1.0249895237985396,21.0,0.14159909178681102,0.10167521517828272,50000,2026-06-10T04:28:22Z,72.16121009999915,0.5
rotation_p0.75_v7,S_p0.75,789,nivel2,50000,0.14235362224629455,0.007210813018278872,0.44340313884821214,0.02847072444925893,0.9666666666666667,0.1484126984126984,0.45396825396825397,3.0,1.0218230952280767,-1.0,0.24280552431300356,0.11248060876969122,50000,2026-06-10T04:29:35Z,72.77559139999903,0.75
rotation_p1.00_v7,S_p1.00,789,nivel2,50000,0.013855001324470928,0.0006945787571728853,0.501202750707623,0.0027710002648941717,1.0,0.176984126984127,0.4634920634920635,18.0,0.9880870636166831,-1.0,0.11879673444116266,0.07674716661966086,50000,2026-06-10T15:00:07Z,74.4272603999998,1.0
rotation_p0.00_v7,S_p0.00,1024,nivel2,50000,-0.7301042201758562,-0.03474697756608675,0.9303663158128443,-0.14602084403517124,1.0,0.1492063492063492,0.4,3.0,1.0187651588715934,1.0,0.16164102405200037,0.07554830073734276,50000,2026-06-10T15:01:15Z,67.13526160000038,0.0
rotation_p0.10_v7,S_p0.10,1024,nivel2,50000,0.46642893547302566,0.024444845995946058,0.3532363307522499,0.09328578709460512,0.9333333333333333,0.16666666666666666,0.44761904761904764,9.0,0.8294904762315416,2.0,0.21081795117382346,0.07282167268693951,50000,2026-06-10T15:02:19Z,63.927917500004696,0.1
rotation_p0.25_v7,S_p0.25,1024,nivel2,50000,0.5299671897602133,0.025397686666521965,0.46474229473558754,0.10599343795204272,1.0,0.1738095238095238,0.46111111111111114,3.0,0.8669497618924767,8.0,0.20605042478921745,0.09749137655572529,50000,2026-06-10T15:03:18Z,58.65672610000183,0.25
rotation_p0.50_v7,S_p0.50,1024,nivel2,50000,0.5815474283593733,0.03276343880072773,0.2578821197726886,0.11630948567187469,1.0,0.1992063492063492,0.45555555555555555,10.0,0.8724520633554748,18.0,0.23296060875855068,0.0956489210472295,50000,2026-06-10T15:04:18Z,59.622959100001026,0.5
rotation_p0.75_v7,S_p0.75,1024,nivel2,50000,0.557632305513051,0.029090776977343198,0.3332394099189582,0.11152646110261018,0.9666666666666667,0.1738095238095238,0.4658730158730159,9.0,2.119659999989958,19.0,0.2748810491598449,0.11694806518423936,50000,2026-06-10T15:05:21Z,63.150951400006306,0.75
rotation_p1.00_v7,S_p1.00,1024,nivel2,50000,0.48851010564158204,0.02724636751372705,0.5416522419404888,0.09770202112831643,1.0,0.17222222222222222,0.45555555555555555,8.0,2.222703809422369,17.0,0.1888423014897154,0.07716640949152631,50000,2026-06-10T15:07:58Z,156.27809120000165,1.0
rotation_p0.00_v7,S_p0.00,7,nivel2,50000,0.17726776942778175,0.009570878631067974,0.4047693786159073,0.0354535538855563,1.0,0.17222222222222222,0.40793650793650793,4.0,2.0429348412786594,9.0,0.19166208302805232,0.09159399133826826,50000,2026-06-10T15:10:35Z,156.3797523999965,0.0
rotation_p0.10_v7,S_p0.10,7,nivel2,50000,1.0665745606251855,0.056083629078100494,0.2126816355830279,0.21331491212503714,1.0,0.20634920634920634,0.46825396825396826,4.0,2.2110040476353974,17.0,0.10717856094984177,0.10507865839890332,50000,2026-06-10T15:12:50Z,134.8765110000022,0.1
rotation_p0.25_v7,S_p0.25,7,nivel2,50000,-0.12699118095860346,-0.006987801125252177,0.5938712555870355,-0.025398236191720724,1.0,0.16904761904761906,0.4380952380952381,15.0,2.252565873086929,-1.0,0.16266178526401714,0.09489479036638486,50000,2026-06-10T15:15:43Z,171.8722254000022,0.25
rotation_p0.50_v7,S_p0.50,7,nivel2,50000,0.5565390479663772,0.03233997866288941,0.30778841889419617,0.11130780959327538,1.0,0.2007936507936508,0.4452380952380952,13.0,0.9540619046299345,7.0,0.13076546863420135,0.0885101304478027,50000,2026-06-10T15:17:55Z,131.00518899999588,0.5
rotation_p0.75_v7,S_p0.75,7,nivel2,50000,0.35626139220735376,0.018548241153668137,0.31337537770089396,0.07125227844147075,1.0,0.18095238095238095,0.46190476190476193,3.0,0.8861280157332889,1.0,-0.01849828094312228,0.09766767602545368,50000,2026-06-10T15:19:01Z,66.35953029999655,0.75
rotation_p1.00_v7,S_p1.00,7,nivel2,50000,0.9208523784345829,0.05143890134426506,0.2510106847413708,0.18417047568691652,1.0,0.18968253968253967,0.4492063492063492,16.0,0.9264194443526249,12.0,0.1205722827582029,0.10924458708778945,50000,2026-06-10T15:20:08Z,66.3052400000015,1.0
rotation_p0.00_v7,S_p0.00,99,nivel2,50000,0.3997840710167109,0.021554112349618886,0.23372933681928684,0.07995681420334216,0.9666666666666667,0.14523809523809525,0.4357142857142857,9.0,0.8433887300992547,12.0,0.1944318636352394,0.09264011108987034,50000,2026-06-10T15:21:12Z,63.68389820000448,0.0
rotation_p0.10_v7,S_p0.10,99,nivel2,50000,0.6367895596929487,0.03213439226593498,0.34973691957182496,0.12735791193858978,1.0,0.16904761904761906,0.4357142857142857,5.0,0.8426005555867007,-1.0,0.1048107217557388,0.08152488335742192,50000,2026-06-10T15:22:14Z,62.252355500000704,0.1
rotation_p0.25_v7,S_p0.25,99,nivel2,50000,0.6773929276552696,0.036978864869137776,0.22746945836995072,0.13547858553105396,1.0,0.17539682539682538,0.43333333333333335,5.0,1.0432848412338422,22.0,0.22245890373224034,0.09649520259683328,50000,2026-06-10T15:23:20Z,65.84936480000033,0.25
rotation_p0.50_v7,S_p0.50,99,nivel2,50000,0.20684061687022587,0.010982164153943959,0.32692073849483805,0.041368123374045135,1.0,0.16666666666666666,0.44603174603174606,4.0,0.942442063497433,21.0,0.19935276749235462,0.09933229734164639,50000,2026-06-10T15:24:27Z,65.97272330000123,0.5
rotation_p0.75_v7,S_p0.75,99,nivel2,50000,0.8013859481612432,0.040155374154425404,0.33914991276971396,0.16027718963224863,1.0,0.176984126984127,0.4507936507936508,5.0,0.9664210317934039,15.0,0.12628216485962918,0.09007531846435066,50000,2026-06-10T15:25:31Z,64.45172240000102,0.75
rotation_p1.00_v7,S_p1.00,99,nivel2,50000,1.2401530443256368,0.07163472550540949,0.22907464747662531,0.24803060886512746,1.0,0.18015873015873016,0.46111111111111114,8.0,0.8908953967860841,4.0,0.11653361961639501,0.13408083323001146,50000,2026-06-10T15:26:36Z,64.58432929999981,1.0
rotation_p0.00_v7,S_p0.00,314,nivel2,50000,0.9221449143089626,0.04683823505470176,0.2914915061428389,0.1844289828617925,0.9666666666666667,0.15476190476190477,0.4119047619047619,12.0,0.7812466666586088,12.0,0.3294345435469911,0.08698298732435843,50000,2026-06-10T15:27:37Z,60.595124899999064,0.0
rotation_p0.10_v7,S_p0.10,314,nivel2,50000,0.6720015255443289,0.03495928805803562,0.3055773065443724,0.13440030510886578,1.0,0.15793650793650793,0.4452380952380952,1.0,0.7283626983634248,16.0,0.20696285113461688,0.09805226631617567,50000,2026-06-10T15:28:29Z,52.051217400003225,0.1
rotation_p0.25_v7,S_p0.25,314,nivel2,50000,1.534886852252642,0.08169093601785424,0.19769632389310132,0.30697737045052836,1.0,0.19285714285714287,0.4746031746031746,1.0,0.718095634920968,-1.0,0.26589100449358233,0.06293749871624936,50000,2026-06-10T15:29:21Z,51.88046159999794,0.25
rotation_p0.50_v7,S_p0.50,314,nivel2,50000,1.3794982765777264,0.06701764446088691,0.24585186325899017,0.27589965531554517,1.0,0.1738095238095238,0.4388888888888889,1.0,0.7464574604657375,22.0,0.11876954086041952,0.07029734651081758,50000,2026-06-10T15:30:15Z,53.58533619999798,0.5
rotation_p0.75_v7,S_p0.75,314,nivel2,50000,2.0525155966606876,0.11249307219657448,0.1173282603070891,0.4105031193321376,1.0,0.17539682539682538,0.45634920634920634,1.0,0.7455256351051271,-1.0,0.21327607197869103,0.10351289645768372,50000,2026-06-10T15:31:09Z,54.02637659999891,0.75
rotation_p1.00_v7,S_p1.00,314,nivel2,50000,0.8721292710332386,0.042697751730813235,0.2821788890470405,0.1744258542066477,1.0,0.176984126984127,0.4492063492063492,1.0,0.7294865871771767,2.0,0.24779209604565983,0.08421210453705251,50000,2026-06-10T15:32:02Z,52.96318749999773,1.0
rotation_p0.00_v7,S_p0.00,1729,nivel2,50000,0.8130829326131643,0.04592827432674647,0.23157862893786935,0.16261658652263283,1.0,0.1380952380952381,0.3976190476190476,6.0,0.7010220634598111,14.0,0.11990126392982575,0.09726430096863496,50000,2026-06-10T15:32:55Z,52.40613310000481,0.0
rotation_p0.10_v7,S_p0.10,1729,nivel2,50000,0.6698693958496515,0.03527468167869153,0.5291916029293917,0.1339738791699303,1.0,0.1388888888888889,0.3976190476190476,1.0,0.7640421427144218,-1.0,0.2099223508889112,0.1170443912961504,50000,2026-06-10T15:33:47Z,52.039124400005676,0.1
rotation_p0.25_v7,S_p0.25,1729,nivel2,50000,-0.10458297105366057,-0.00541838502671542,0.6461475135414735,-0.020916594210732088,0.9666666666666667,0.15873015873015872,0.43174603174603177,6.0,0.7445114284766734,4.0,0.18378765837559422,0.128893352136276,50000,2026-06-10T15:34:41Z,53.785776700002316,0.25
rotation_p0.50_v7,S_p0.50,1729,nivel2,50000,0.2974146581322785,0.0164197518752403,0.44448127399889376,0.05948293162645566,1.0,0.18174603174603174,0.46984126984126984,7.0,0.7862345237848035,1.0,0.0858499070823888,0.11257623063965781,50000,2026-06-10T15:35:34Z,52.92630739999731,0.5
rotation_p0.75_v7,S_p0.75,1729,nivel2,50000,-0.22983673073346675,-0.012575326135879113,0.8281970455944351,-0.04596734614669331,1.0,0.14761904761904762,0.4515873015873016,18.0,0.7811045238913576,15.0,0.2946484101536638,0.11279411679142795,50000,2026-06-10T15:36:27Z,52.71895629999926,0.75
rotation_p1.00_v7,S_p1.00,1729,nivel2,50000,-0.3175877745873047,-0.016149584587182075,0.6593020222601655,-0.06351755491746089,1.0,0.15476190476190477,0.4531746031746032,6.0,0.7596288887725677,2.0,0.1871320454133967,0.1293827349627848,50000,2026-06-10T15:37:21Z,53.744507900002645,1.0
rotation_p0.00_v7,S_p0.00,65535,nivel2,50000,0.9275100119289716,0.04695184437479272,0.2147310584408696,0.18550200238579428,1.0,0.14603174603174604,0.39920634920634923,7.0,0.8318430953035464,5.0,0.04952392441545085,0.0698529610962741,50000,2026-06-10T15:38:15Z,53.48855829999957,0.0
rotation_p0.10_v7,S_p0.10,65535,nivel2,50000,0.6196962548595157,0.0325180155768975,0.43963105224834864,0.12393925097190314,1.0,0.18174603174603174,0.4396825396825397,7.0,0.7186256350068438,14.0,0.026734883218668827,0.06565152300594304,50000,2026-06-10T15:39:09Z,53.57116379999934,0.1
rotation_p0.25_v7,S_p0.25,65535,nivel2,50000,-0.1406814721692752,-0.007803276749484081,0.5635968245839572,-0.028136294433855007,0.9666666666666667,0.15714285714285714,0.43174603174603177,7.0,0.7143005555138059,8.0,0.09046647387358664,0.07796373477765138,50000,2026-06-10T15:40:02Z,52.963557399998535,0.25
rotation_p0.50_v7,S_p0.50,65535,nivel2,50000,0.6749859667990008,0.03668693255671175,0.4000292399046818,0.1349971933598001,1.0,0.16746031746031745,0.4365079365079365,4.0,0.7455803967685724,-1.0,-0.04282365499446911,0.09934141344544647,50000,2026-06-10T15:40:55Z,52.59164510000119,0.5
rotation_p0.75_v7,S_p0.75,65535,nivel2,50000,0.5072097401520628,0.027077572077569268,0.38122839793296714,0.10144194803041255,1.0,0.18968253968253967,0.4626984126984127,11.0,0.7749959524170706,10.0,0.19325331002509588,0.11883159859158121,50000,2026-06-10T15:41:48Z,52.615543199994136,0.75
rotation_p1.00_v7,S_p1.00,65535,nivel2,50000,0.221233410657536,0.010498554445391545,0.7818357918308789,0.04424668213150725,1.0,0.15634920634920635,0.44126984126984126,10.0,0.9283989683830268,6.0,0.051806298091279804,0.12446606154380946,50000,2026-06-10T16:53:58Z,57.75124109999888,1.0
